Timestamp,Have you missed school or work due to gaming?,Have you ever lied about how much time you spend gaming?,Have you ever prioritized gaming over personal hygiene or self-care?,Have you ever experienced physical symptoms like headaches or eye strain from gaming?,How often do you play video games?,"How long do you typically play video games in one sitting? (Time in hours, steps of 0.5)","How much money do you spend on video games per month? (in terms of USD, to the nearest 10)",How often do you think about playing video games when you're not playing?,How often do you lose track of time while playing video games?,"Have you ever experienced negative consequences (e.g., strain on relationships, financial issues, academic or work problems) as a result of your gaming habits?",Which level of addiction would you assess yourself as?
01-11-23 0:48,Yes,Yes,Yes,Yes,Frequently,6,150,Always,Always,Yes,Moderately Addicted
01-11-23 8:38,Yes,Yes,Yes,Yes,Frequently,4,80,Always,Always,No,Addicted
01-11-23 9:38,,,,,,,,,,,
01-11-23 22:33,Yes,No,No,Yes,Frequently,3,30,Always,Always,Yes,Addicted
01-12-23 1:00,Yes,No,No,No,Always,3.5,50,Frequently,Frequently,No,Addicted
01-11-23 6:43,Yes,No,No,Yes,Always,3,50,Frequently,Frequently,Yes,Addicted
01-11-23 13:48,No,No,No,No,Never,2,20,Rarely,Rarely,No,Not Addicted
01-12-23 0:11,Yes,No,No,Yes,Always,3.5,10,Always,Always,Yes,Addicted
01-11-23 14:40,Yes,Yes,Yes,Yes,Always,4.5,150,Always,Always,No,Moderately Addicted
01-12-23 7:13,No,Yes,Yes,Yes,Always,3,60,Always,Frequently,No,Addicted
01-11-23 15:10,No,No,No,No,Frequently,4,100,Frequently,Frequently,No,Addicted
01-12-23 7:18,No,No,No,No,Frequently,3.5,50,Frequently,Frequently,No,Mildly Addicted
01-12-23 9:53,No,No,Yes,Yes,Always,3,90,Frequently,Frequently,No,Addicted
01-12-23 10:17,Yes,Yes,No,Yes,Always,5,10,Frequently,Frequently,No,Addicted
01-12-23 7:09,Yes,Yes,Yes,Yes,Always,4,70,Always,Frequently,Yes,Addicted
01-11-23 23:23,No,No,No,No,Never,2,10,Never,Rarely,No,Not Addicted
01-12-23 4:14,Yes,No,No,Yes,Always,3,20,Always,Frequently,No,Mildly Addicted
01-12-23 8:24,Yes,No,Yes,No,Frequently,4.5,170,Always,Always,Yes,Moderately Addicted
01-12-23 23:34,Yes,Yes,No,Yes,Always,4,90,Frequently,Frequently,No,Moderately Addicted
01/13/2023 01:00:07,No,Yes,No,No,Occasionally,3,50,Occasionally,Occasionally,No,Mildly Addicted
01-12-23 16:38,Yes,No,Yes,No,Always,4.5,80,Always,Always,Yes,Moderately Addicted
01-12-23 8:37,Yes,No,Yes,Yes,Frequently,3.5,100,Always,Always,No,Addicted
01-12-23 18:11,Yes,No,No,No,Frequently,5,30,Frequently,Frequently,No,Addicted
01-12-23 7:27,No,No,No,No,Occasionally,3,20,Frequently,Frequently,No,Mildly Addicted
01-12-23 21:40,No,No,No,No,Occasionally,3.5,40,Frequently,Frequently,No,Mildly Addicted
01-12-23 23:11,Yes,Yes,Yes,Yes,Always,7,170,Always,Always,Yes,Severely Addicted
01/13/2023 03:28:03,Yes,No,Yes,No,Always,7,200,Always,Always,Yes,Severely Addicted
01-12-23 15:35,Yes,No,No,No,Frequently,3.5,10,Frequently,Always,No,Addicted
01-12-23 16:08,No,Yes,Yes,No,Occasionally,3,0,Frequently,Occasionally,Yes,Mildly Addicted
01/13/2023 09:08:13,No,Yes,No,Yes,Occasionally,3.5,0,Always,Always,No,Mildly Addicted
01/13/2023 00:47:13,No,No,Yes,No,Frequently,4,30,Frequently,Frequently,Yes,Addicted
01-12-23 23:54,No,No,No,No,Occasionally,1.5,20,Occasionally,Never,No,Not Addicted
01/13/2023 05:06:29,Yes,Yes,Yes,No,Frequently,4.5,80,Frequently,Frequently,Yes,Addicted
01/13/2023 00:32:00,Yes,Yes,Yes,Yes,Always,3,120,Always,Frequently,Yes,Moderately Addicted
01/13/2023 04:16:33,No,No,No,No,Frequently,2.5,20,Frequently,Frequently,Yes,Addicted
01/13/2023 06:57:23,Yes,No,Yes,No,Frequently,3.5,30,Always,Frequently,Yes,Addicted
01/13/2023 14:36:14,No,No,No,Yes,Occasionally,3.5,10,Always,Occasionally,No,Mildly Addicted
01/13/2023 23:15:53,No,Yes,No,No,Frequently,3,40,Frequently,Always,No,Addicted
01/13/2023 19:56:46,Yes,No,No,No,Always,4,40,Occasionally,Frequently,No,Mildly Addicted
01/13/2023 16:14:36,No,No,No,No,Frequently,3.5,80,Always,Frequently,Yes,Addicted
01/13/2023 19:46:39,No,No,No,No,Occasionally,1,20,Rarely,Occasionally,No,Not Addicted
01/14/2023 03:02:22,No,Yes,No,Yes,Always,9.5,70,Occasionally,Always,Yes,Severely Addicted
01/14/2023 02:56:54,Yes,Yes,No,No,Frequently,4,20,Frequently,Always,No,Addicted
01/13/2023 20:56:23,No,No,No,No,Occasionally,3.5,30,Always,Frequently,No,Mildly Addicted
01/14/2023 03:25:02,Yes,Yes,Yes,No,Occasionally,4,170,Always,Always,Yes,Severely Addicted
01/14/2023 13:35:24,No,No,Yes,Yes,Always,3,80,Always,Frequently,Yes,Addicted
01/14/2023 08:52:35,No,Yes,No,Yes,Always,5,30,Always,Frequently,Yes,Moderately Addicted
01/14/2023 12:46:49,Yes,Yes,No,Yes,Frequently,5,230,Always,Always,Yes,Severely Addicted
01/14/2023 00:58:59,Yes,No,Yes,Yes,Always,9,90,Always,Always,No,Severely Addicted
01/13/2023 23:27:23,Yes,Yes,Yes,No,Always,2,40,Frequently,Always,Yes,Addicted
01/14/2023 13:06:46,Yes,Yes,Yes,Yes,Always,4.5,110,Always,Always,Yes,Moderately Addicted
01/14/2023 18:24:22,No,No,No,No,Frequently,3,0,Always,Always,No,Mildly Addicted
01/14/2023 07:50:17,No,No,No,No,Occasionally,2.5,40,Always,Frequently,Yes,Mildly Addicted
01/14/2023 11:50:46,No,No,No,No,Never,1,20,Never,Never,No,Not Addicted
01/14/2023 13:09:26,Yes,No,No,Yes,Always,3.5,60,Frequently,Frequently,No,Addicted
01/14/2023 23:56:14,Yes,Yes,No,Yes,Frequently,2.5,100,Frequently,Frequently,No,Addicted
01/14/2023 20:30:32,Yes,No,Yes,Yes,Always,5.5,170,Always,Always,Yes,Moderately Addicted
01/14/2023 16:00:39,No,Yes,No,No,Always,2.5,70,Frequently,Frequently,Yes,Addicted
01/15/2023 06:30:32,No,Yes,Yes,Yes,Always,3.5,0,Always,Frequently,No,Mildly Addicted
01/14/2023 11:38:16,Yes,Yes,Yes,Yes,Frequently,8,100,Always,Always,Yes,Severely Addicted
01/14/2023 21:45:42,No,No,No,No,Frequently,2,50,Frequently,Occasionally,No,Mildly Addicted
01/15/2023 09:57:02,Yes,Yes,Yes,No,Always,6.5,150,Frequently,Always,Yes,Severely Addicted
01/15/2023 14:39:51,No,No,No,Yes,Frequently,3.5,40,Always,Frequently,No,Mildly Addicted
01/15/2023 14:04:06,Yes,No,No,No,Frequently,2.5,30,Occasionally,Frequently,No,Mildly Addicted
01/15/2023 00:57:37,No,Yes,No,No,Frequently,3,60,Frequently,Always,No,Addicted
01/14/2023 23:47:51,No,No,No,No,Occasionally,1.5,20,Never,Occasionally,No,Not Addicted
01/15/2023 10:08:30,No,No,No,No,Frequently,5.5,170,Occasionally,Always,Yes,Moderately Addicted
01/14/2023 23:02:26,Yes,Yes,Yes,Yes,Always,5.5,40,Always,Always,Yes,Moderately Addicted
01/15/2023 23:43:06,No,No,No,No,Occasionally,3,20,Frequently,Occasionally,No,Mildly Addicted
01/16/2023 01:03:56,No,Yes,No,Yes,Always,3,10,Always,Frequently,Yes,Addicted
01/15/2023 02:52:26,Yes,Yes,Yes,Yes,Frequently,2.5,30,Frequently,Frequently,No,Addicted
01/15/2023 09:32:23,Yes,Yes,Yes,Yes,Always,3.5,90,Always,Frequently,Yes,Addicted
01/16/2023 04:44:58,No,Yes,No,Yes,Frequently,3,20,Always,Always,Yes,Addicted
01/15/2023 17:20:54,Yes,No,Yes,No,Frequently,4.5,10,Always,Always,Yes,Addicted
01/15/2023 12:04:15,No,Yes,No,No,Frequently,3,70,Always,Frequently,Yes,Addicted
01/16/2023 00:12:09,Yes,Yes,Yes,Yes,Always,2.5,120,Occasionally,Always,Yes,Moderately Addicted
01/16/2023 07:04:04,No,No,No,No,Occasionally,1,10,Occasionally,Never,No,Not Addicted
01/15/2023 17:56:10,No,No,Yes,No,Occasionally,2,40,Always,Frequently,No,Mildly Addicted
01/16/2023 02:08:30,Yes,Yes,Yes,Yes,Frequently,2.5,60,Frequently,Frequently,Yes,Addicted
01/16/2023 06:50:06,No,Yes,No,No,Frequently,3.5,20,Always,Always,No,Mildly Addicted
01/16/2023 06:37:57,Yes,No,No,Yes,Always,4.5,140,Frequently,Always,Yes,Severely Addicted
01/16/2023 13:11:30,No,No,Yes,No,Frequently,3,30,Always,Occasionally,No,Mildly Addicted
01/15/2023 19:48:10,No,No,No,No,Always,2.5,60,Frequently,Always,Yes,Addicted
01/16/2023 10:41:31,No,Yes,No,No,Occasionally,3,10,Frequently,Frequently,Yes,Mildly Addicted
01/16/2023 20:11:11,No,Yes,No,No,Occasionally,2,50,Always,Frequently,No,Mildly Addicted
01/16/2023 10:57:25,Yes,Yes,Yes,Yes,Frequently,2,20,Frequently,Always,Yes,Addicted
01/16/2023 15:59:38,Yes,No,No,No,Occasionally,2.5,0,Always,Frequently,Yes,Mildly Addicted
01/16/2023 12:42:19,No,No,No,No,Never,2,10,Never,Never,No,Not Addicted
01/17/2023 04:01:11,No,Yes,No,Yes,Frequently,3,110,Frequently,Always,No,Moderately Addicted
01/17/2023 05:00:29,Yes,Yes,Yes,Yes,Always,7.5,170,Always,Always,Yes,Severely Addicted
01/17/2023 07:04:39,Yes,No,Yes,Yes,Always,2.5,120,Frequently,Frequently,Yes,Moderately Addicted
01/17/2023 03:18:36,No,No,Yes,Yes,Frequently,4.5,90,Always,Always,No,Moderately Addicted
01/17/2023 06:28:37,Yes,Yes,No,No,Always,3,150,Occasionally,Always,No,Moderately Addicted
01/16/2023 18:29:55,No,Yes,No,No,Occasionally,3,50,Frequently,Occasionally,No,Mildly Addicted
01/17/2023 12:48:10,No,Yes,No,No,Never,1,20,Never,Rarely,No,Not Addicted
01/16/2023 23:49:49,Yes,Yes,No,No,Frequently,5,80,Always,Frequently,Yes,Moderately Addicted
01/17/2023 11:15:06,Yes,No,Yes,Yes,Always,2.5,130,Frequently,Always,Yes,Moderately Addicted
01/17/2023 06:01:54,No,No,No,Yes,Frequently,2.5,0,Always,Frequently,No,Mildly Addicted
01/17/2023 10:31:15,No,Yes,No,No,Occasionally,4,40,Always,Occasionally,No,Mildly Addicted
01/17/2023 11:17:58,No,Yes,No,Yes,Frequently,2,0,Frequently,Frequently,Yes,Mildly Addicted
01/17/2023 12:09:12,Yes,Yes,No,No,Always,3.5,100,Frequently,Always,Yes,Addicted
01/17/2023 03:14:42,Yes,No,Yes,Yes,Frequently,7,190,Always,Frequently,Yes,Severely Addicted
01/17/2023 22:51:01,Yes,Yes,Yes,Yes,Frequently,6.5,110,Frequently,Always,Yes,Severely Addicted
01/17/2023 05:59:09,Yes,Yes,No,Yes,Always,5,150,Always,Frequently,Yes,Moderately Addicted
01/17/2023 15:36:04,No,Yes,No,No,Frequently,4,30,Always,Occasionally,Yes,Mildly Addicted
01/18/2023 03:33:45,Yes,Yes,No,No,Always,4,10,Always,Frequently,No,Addicted
01/17/2023 21:38:02,Yes,Yes,No,No,Frequently,2.5,40,Always,Frequently,No,Addicted
01/17/2023 19:51:58,No,Yes,No,Yes,Frequently,2.5,30,Always,Always,No,Mildly Addicted
01/18/2023 07:49:30,Yes,No,Yes,Yes,Frequently,3,100,Frequently,Frequently,No,Addicted
01/18/2023 00:27:49,No,Yes,Yes,Yes,Frequently,3,10,Frequently,Always,Yes,Addicted
01/17/2023 18:17:47,No,No,Yes,No,Frequently,4,10,Frequently,Frequently,No,Addicted
01/17/2023 14:07:01,No,Yes,Yes,No,Always,3.5,70,Frequently,Always,Yes,Addicted
01/18/2023 00:57:54,No,Yes,Yes,No,Occasionally,2,10,Frequently,Occasionally,Yes,Mildly Addicted
01/17/2023 21:48:07,No,Yes,No,Yes,Occasionally,4,20,Always,Always,Yes,Mildly Addicted
01/17/2023 21:47:26,No,No,No,No,Occasionally,1,10,Never,Never,No,Not Addicted
01/18/2023 07:49:30,No,No,No,No,Rarely,1.5,20,Never,Never,No,Not Addicted
01/18/2023 06:26:35,No,No,No,No,Frequently,3.5,50,Frequently,Frequently,No,Mildly Addicted
01/17/2023 23:35:20,Yes,No,Yes,Yes,Always,3.5,90,Occasionally,Always,Yes,Moderately Addicted
01/18/2023 12:21:17,No,No,No,No,Never,0.5,0,Never,Rarely,No,Not Addicted
01/18/2023 18:15:09,No,No,No,Yes,Occasionally,2,20,Always,Occasionally,No,Mildly Addicted
01/18/2023 17:35:26,Yes,No,No,No,Always,3,30,Always,Frequently,No,Mildly Addicted
01/19/2023 01:52:55,No,Yes,Yes,Yes,Always,5,70,Always,Always,Yes,Severely Addicted
01/18/2023 11:30:47,No,No,No,Yes,Frequently,3.5,10,Always,Frequently,Yes,Addicted
01/18/2023 16:49:22,No,Yes,Yes,No,Always,5,80,Always,Always,Yes,Moderately Addicted
01/18/2023 18:53:01,Yes,No,Yes,No,Always,3,80,Always,Always,Yes,Moderately Addicted
01/19/2023 01:32:07,No,Yes,Yes,Yes,Always,4.5,50,Always,Always,No,Moderately Addicted
01/18/2023 16:11:11,Yes,No,No,Yes,Frequently,4,90,Always,Frequently,No,Moderately Addicted
01/18/2023 14:58:06,Yes,No,No,No,Always,5,30,Frequently,Always,No,Addicted
01/18/2023 18:57:41,No,No,Yes,No,Frequently,2,10,Occasionally,Always,No,Mildly Addicted
01/19/2023 11:13:19,No,No,No,Yes,Always,4.5,30,Always,Always,Yes,Moderately Addicted
01/19/2023 10:42:00,No,No,No,No,Occasionally,1,20,Never,Never,No,Not Addicted
01/19/2023 09:01:32,No,Yes,No,No,Occasionally,1,20,Rarely,Never,No,Not Addicted
01/19/2023 12:22:07,Yes,No,Yes,No,Always,2.5,10,Always,Frequently,Yes,Addicted
01/18/2023 22:27:35,Yes,No,No,Yes,Frequently,3,90,Frequently,Always,Yes,Addicted
01/19/2023 20:47:14,No,Yes,No,Yes,Frequently,4,20,Occasionally,Frequently,No,Mildly Addicted
01/19/2023 20:25:51,No,No,No,No,Always,3,90,Always,Frequently,No,Addicted
01/19/2023 06:54:36,Yes,No,Yes,No,Always,5.5,110,Frequently,Frequently,Yes,Severely Addicted
01/19/2023 22:05:29,No,Yes,Yes,Yes,Frequently,4.5,90,Occasionally,Frequently,Yes,Moderately Addicted
01/19/2023 12:40:30,Yes,No,Yes,Yes,Frequently,5,90,Always,Frequently,Yes,Addicted
01/19/2023 06:24:26,No,Yes,Yes,Yes,Occasionally,2.5,40,Frequently,Frequently,No,Mildly Addicted
01/20/2023 02:26:01,No,Yes,Yes,Yes,Frequently,3.5,20,Frequently,Always,No,Addicted
01/19/2023 18:58:44,No,Yes,No,Yes,Frequently,4,50,Frequently,Always,Yes,Addicted
01/19/2023 22:26:17,No,No,No,No,Rarely,1,20,Never,Never,No,Not Addicted
01/19/2023 23:15:59,No,Yes,Yes,Yes,Always,4,100,Always,Frequently,No,Moderately Addicted
01/20/2023 01:16:40,Yes,Yes,No,Yes,Frequently,5,120,Frequently,Always,Yes,Moderately Addicted
01/20/2023 13:04:11,No,Yes,No,No,Occasionally,1,20,Rarely,Rarely,No,Not Addicted
01/20/2023 06:45:55,No,Yes,No,Yes,Always,4.5,90,Always,Frequently,Yes,Addicted
01/20/2023 06:29:50,No,No,No,Yes,Frequently,2.5,80,Frequently,Frequently,Yes,Addicted
01/20/2023 11:48:03,Yes,Yes,No,Yes,Occasionally,2.5,10,Always,Always,Yes,Mildly Addicted
01/19/2023 23:49:44,Yes,Yes,No,Yes,Frequently,7,130,Always,Always,Yes,Severely Addicted
01/20/2023 03:43:59,Yes,No,Yes,Yes,Always,3.5,100,Always,Always,Yes,Moderately Addicted
01/20/2023 15:58:41,No,No,No,No,Always,3,20,Always,Occasionally,No,Mildly Addicted
01/20/2023 04:02:36,No,No,No,No,Never,1,0,Occasionally,Never,No,Not Addicted
01/20/2023 19:05:40,Yes,Yes,No,Yes,Always,5,60,Always,Always,Yes,Moderately Addicted
01/20/2023 07:01:17,No,No,Yes,No,Frequently,3,50,Frequently,Always,No,Addicted
01/20/2023 21:03:44,No,No,No,No,Frequently,3,40,Always,Occasionally,No,Mildly Addicted
01/20/2023 10:11:23,Yes,Yes,No,Yes,Always,2,20,Frequently,Always,No,Addicted
01/21/2023 04:53:17,No,Yes,No,No,Always,2.5,10,Frequently,Occasionally,No,Mildly Addicted
01/20/2023 14:40:44,No,Yes,Yes,Yes,Frequently,5,100,Frequently,Frequently,Yes,Addicted
01/20/2023 16:50:38,No,No,No,Yes,Always,2.5,80,Always,Frequently,No,Addicted
01/20/2023 19:24:05,Yes,Yes,No,No,Frequently,2.5,40,Always,Frequently,Yes,Addicted
01/21/2023 11:16:29,Yes,Yes,No,Yes,Always,3,100,Always,Frequently,No,Addicted
01/20/2023 18:19:59,No,Yes,No,No,Occasionally,3,10,Always,Frequently,Yes,Mildly Addicted
01/21/2023 09:33:23,Yes,Yes,Yes,Yes,Always,5,140,Always,Always,Yes,Moderately Addicted
01/21/2023 11:30:42,No,No,No,No,Frequently,3,70,Frequently,Always,No,Addicted
01/21/2023 16:45:57,No,No,Yes,No,Frequently,2.5,80,Frequently,Frequently,Yes,Addicted
01/21/2023 16:11:58,No,Yes,No,Yes,Always,3,60,Frequently,Frequently,No,Addicted
01/21/2023 08:42:08,No,No,No,Yes,Always,2.5,30,Frequently,Frequently,No,Mildly Addicted
01/20/2023 22:45:35,No,No,Yes,No,Frequently,4.5,160,Always,Always,Yes,Moderately Addicted
01/21/2023 20:48:38,No,Yes,Yes,No,Frequently,2.5,80,Always,Always,No,Addicted
01/21/2023 03:12:48,No,Yes,No,Yes,Always,2.5,100,Always,Frequently,Yes,Addicted
01/21/2023 13:38:08,Yes,Yes,Yes,Yes,Frequently,2.5,10,Frequently,Frequently,No,Addicted
01/22/2023 04:22:25,Yes,No,Yes,Yes,Frequently,4,90,Frequently,Frequently,No,Addicted
01/22/2023 04:29:58,No,No,No,No,Never,1.5,20,Never,Occasionally,No,Not Addicted
01/21/2023 09:14:24,Yes,No,No,Yes,Frequently,2.5,50,Frequently,Frequently,Yes,Addicted
01/22/2023 04:12:55,Yes,Yes,No,No,Always,2.5,50,Always,Always,No,Addicted
01/22/2023 09:43:21,No,Yes,Yes,No,Always,3,60,Frequently,Always,No,Addicted
01/22/2023 07:10:22,No,No,Yes,Yes,Always,3,20,Always,Frequently,Yes,Addicted
01/21/2023 17:14:47,No,No,No,Yes,Occasionally,2.5,20,Always,Occasionally,No,Mildly Addicted
01/22/2023 11:14:52,Yes,No,No,Yes,Always,3,50,Frequently,Always,Yes,Addicted
01/21/2023 21:04:34,No,No,No,No,Occasionally,2.5,50,Always,Occasionally,No,Mildly Addicted
01/22/2023 00:02:24,No,Yes,No,No,Never,0.5,0,Never,Rarely,No,Not Addicted
01/22/2023 09:29:13,Yes,Yes,Yes,No,Frequently,5,120,Always,Always,No,Severely Addicted
01/22/2023 07:10:11,No,No,Yes,No,Always,4,50,Always,Frequently,Yes,Moderately Addicted
01/21/2023 23:39:43,No,Yes,Yes,No,Frequently,3.5,10,Always,Frequently,Yes,Addicted
01/22/2023 00:42:54,No,Yes,Yes,No,Occasionally,3,0,Frequently,Frequently,No,Mildly Addicted
01/22/2023 23:40:06,Yes,No,No,No,Frequently,3.5,0,Always,Occasionally,No,Mildly Addicted
01/22/2023 17:27:48,No,No,No,No,Occasionally,3,40,Frequently,Always,No,Mildly Addicted
01/22/2023 14:39:12,No,Yes,Yes,No,Always,2.5,30,Occasionally,Occasionally,No,Mildly Addicted
01/22/2023 11:39:42,No,Yes,No,No,Frequently,2.5,80,Always,Frequently,Yes,Addicted
01/22/2023 20:33:39,No,Yes,No,No,Frequently,4,10,Occasionally,Occasionally,No,Mildly Addicted
01/22/2023 10:18:04,Yes,Yes,Yes,Yes,Occasionally,8,120,Always,Always,No,Severely Addicted
01/22/2023 20:20:25,No,Yes,No,Yes,Always,3.5,50,Always,Frequently,No,Mildly Addicted
01/22/2023 11:42:30,No,Yes,No,Yes,Always,2.5,20,Always,Frequently,No,Mildly Addicted
01/23/2023 01:17:41,No,Yes,Yes,No,Always,4.5,160,Always,Always,No,Moderately Addicted
01/23/2023 05:07:01,Yes,No,Yes,No,Frequently,5,60,Frequently,Frequently,Yes,Addicted
01/23/2023 13:52:50,No,Yes,No,No,Rarely,1,20,Rarely,Rarely,No,Not Addicted
01/23/2023 07:44:54,No,Yes,No,No,Frequently,3,30,Always,Frequently,No,Mildly Addicted
01/22/2023 18:52:36,Yes,Yes,No,Yes,Frequently,2.5,140,Always,Frequently,Yes,Moderately Addicted
01/23/2023 01:03:33,Yes,No,No,Yes,Frequently,2.5,30,Always,Frequently,No,Addicted
01/23/2023 19:03:28,Yes,Yes,Yes,Yes,Always,4.5,200,Always,Always,Yes,Severely Addicted
01/23/2023 15:51:40,Yes,No,Yes,Yes,Always,4.5,100,Always,Frequently,Yes,Moderately Addicted
01/23/2023 05:45:56,No,Yes,No,No,Frequently,3.5,30,Always,Always,Yes,Addicted
01/23/2023 02:35:43,Yes,Yes,Yes,No,Always,5,10,Always,Frequently,No,Addicted
01/24/2023 00:39:43,Yes,Yes,No,No,Always,3.5,40,Frequently,Frequently,No,Moderately Addicted
01/23/2023 10:10:48,No,No,Yes,Yes,Frequently,2.5,50,Always,Always,No,Mildly Addicted
01/23/2023 16:00:04,Yes,Yes,Yes,Yes,Always,7.5,180,Always,Always,Yes,Severely Addicted
01/24/2023 04:23:30,No,No,No,No,Frequently,2.5,10,Occasionally,Frequently,No,Mildly Addicted
01/24/2023 02:17:26,No,Yes,Yes,Yes,Frequently,7,120,Occasionally,Always,No,Severely Addicted
01/23/2023 13:02:30,No,Yes,No,Yes,Frequently,3,30,Frequently,Frequently,No,Addicted
01/24/2023 06:02:19,No,Yes,Yes,Yes,Frequently,8.5,230,Always,Always,Yes,Severely Addicted
01/24/2023 03:59:21,Yes,Yes,No,Yes,Frequently,4.5,70,Frequently,Frequently,No,Addicted
01/24/2023 09:21:06,No,No,Yes,No,Occasionally,3.5,0,Occasionally,Occasionally,No,Mildly Addicted
01/23/2023 20:23:05,No,No,No,No,Rarely,0.5,20,Never,Never,No,Not Addicted
01/24/2023 16:19:24,No,Yes,Yes,No,Frequently,3.5,20,Always,Always,Yes,Addicted
01/24/2023 03:49:38,No,Yes,No,No,Frequently,3,30,Occasionally,Occasionally,Yes,Mildly Addicted
01/24/2023 03:21:11,No,Yes,No,No,Never,1.5,0,Never,Rarely,No,Not Addicted
01/24/2023 01:40:55,No,Yes,No,Yes,Frequently,3.5,10,Frequently,Frequently,No,Mildly Addicted
01/24/2023 11:18:04,No,No,No,No,Never,1.5,0,Never,Rarely,No,Not Addicted
01/24/2023 19:01:49,No,Yes,No,Yes,Frequently,4.5,130,Occasionally,Frequently,Yes,Moderately Addicted
01/24/2023 21:47:05,Yes,Yes,Yes,No,Always,3,100,Frequently,Frequently,No,Addicted
01/24/2023 07:37:54,Yes,No,Yes,Yes,Always,4.5,40,Always,Frequently,Yes,Moderately Addicted
01/24/2023 15:53:03,No,No,No,Yes,Frequently,3.5,50,Frequently,Frequently,No,Addicted
01/24/2023 12:37:04,No,No,No,No,Frequently,3.5,50,Occasionally,Frequently,Yes,Mildly Addicted
01/24/2023 08:48:38,Yes,Yes,Yes,No,Frequently,5,100,Frequently,Frequently,Yes,Moderately Addicted
01/24/2023 15:33:39,No,No,Yes,Yes,Occasionally,2.5,30,Always,Occasionally,No,Mildly Addicted
01/24/2023 23:12:04,Yes,Yes,Yes,No,Always,3,150,Occasionally,Always,No,Moderately Addicted
01/24/2023 13:31:44,Yes,Yes,Yes,Yes,Always,4,60,Always,Frequently,No,Severely Addicted
01/25/2023 02:54:31,Yes,No,No,Yes,Frequently,3.5,80,Frequently,Frequently,No,Addicted
01/25/2023 05:40:04,No,No,No,No,Frequently,4.5,100,Always,Frequently,No,Addicted
01/25/2023 10:03:57,No,No,No,No,Rarely,0.5,0,Never,Never,No,Not Addicted
01/25/2023 09:10:05,No,No,No,No,Never,1,20,Rarely,Never,No,Not Addicted
01/25/2023 00:02:14,No,Yes,No,No,Never,1.5,10,Rarely,Rarely,No,Not Addicted
01/25/2023 15:11:17,Yes,Yes,Yes,No,Frequently,4.5,170,Always,Always,Yes,Moderately Addicted
01/25/2023 01:53:59,Yes,Yes,Yes,No,Frequently,5,90,Frequently,Frequently,Yes,Moderately Addicted
01/25/2023 12:42:35,Yes,Yes,Yes,Yes,Always,3,30,Always,Frequently,Yes,Addicted
01/25/2023 05:47:44,Yes,Yes,No,Yes,Always,3.5,10,Always,Frequently,No,Addicted
01/25/2023 23:05:56,Yes,Yes,Yes,Yes,Frequently,5,70,Always,Always,Yes,Moderately Addicted
01/25/2023 19:58:09,Yes,Yes,No,Yes,Always,5.5,190,Always,Always,Yes,Severely Addicted
01/26/2023 04:07:31,Yes,No,Yes,Yes,Always,4.5,20,Frequently,Frequently,Yes,Addicted
01/25/2023 08:23:18,No,No,No,No,Occasionally,1,10,Rarely,Rarely,No,Not Addicted
01/25/2023 14:27:03,No,Yes,No,No,Frequently,3.5,30,Always,Frequently,No,Mildly Addicted
01/25/2023 09:38:38,No,Yes,Yes,Yes,Frequently,2,60,Frequently,Always,No,Addicted
01/25/2023 19:38:24,No,No,No,No,Rarely,2,10,Rarely,Rarely,No,Not Addicted
01/25/2023 14:33:49,No,No,Yes,Yes,Frequently,2,10,Frequently,Always,Yes,Addicted
01/26/2023 05:40:28,Yes,No,Yes,No,Frequently,3,50,Always,Always,Yes,Mildly Addicted
01/25/2023 17:41:38,Yes,No,No,No,Always,5,30,Frequently,Frequently,Yes,Addicted
01/26/2023 05:15:06,Yes,Yes,Yes,Yes,Always,5,170,Always,Always,Yes,Moderately Addicted
01/26/2023 08:46:16,Yes,Yes,Yes,No,Frequently,7,240,Always,Always,Yes,Severely Addicted
01/26/2023 09:59:21,No,No,Yes,Yes,Occasionally,2.5,0,Occasionally,Occasionally,No,Mildly Addicted
01/26/2023 14:21:37,Yes,Yes,Yes,No,Always,5.5,150,Frequently,Always,Yes,Moderately Addicted
01/26/2023 05:02:40,No,No,No,No,Rarely,0.5,0,Rarely,Occasionally,No,Not Addicted
01/26/2023 17:08:41,No,Yes,No,No,Frequently,3,10,Occasionally,Frequently,Yes,Mildly Addicted
01/26/2023 22:51:23,No,No,No,Yes,Frequently,2,30,Always,Occasionally,No,Mildly Addicted
01/26/2023 01:52:19,No,No,Yes,No,Always,2.5,90,Always,Frequently,Yes,Addicted
01/26/2023 21:50:21,No,No,No,No,Rarely,1.5,0,Occasionally,Rarely,No,Not Addicted
01/26/2023 15:54:53,Yes,No,No,No,Always,3.5,20,Frequently,Occasionally,No,Mildly Addicted
01/26/2023 11:49:36,Yes,Yes,Yes,Yes,Always,5.5,70,Frequently,Always,Yes,Moderately Addicted
01/26/2023 12:48:08,No,No,No,No,Rarely,2,0,Never,Occasionally,No,Not Addicted
01/26/2023 14:14:54,Yes,No,Yes,No,Frequently,3,100,Frequently,Frequently,No,Addicted
01/26/2023 20:23:05,No,Yes,No,No,Frequently,3,90,Frequently,Always,No,Addicted
01/26/2023 12:09:38,Yes,No,Yes,No,Frequently,5.5,110,Frequently,Always,No,Moderately Addicted
01/26/2023 13:28:07,No,Yes,Yes,Yes,Frequently,4.5,140,Always,Always,No,Severely Addicted
01/26/2023 23:10:48,No,Yes,Yes,No,Frequently,2.5,60,Always,Frequently,Yes,Addicted
01/27/2023 11:35:25,No,No,Yes,Yes,Always,3.5,90,Frequently,Frequently,Yes,Addicted
01/27/2023 12:38:27,No,Yes,No,No,Never,0.5,0,Rarely,Never,No,Not Addicted
01/27/2023 01:29:28,Yes,No,No,No,Frequently,2,10,Frequently,Frequently,No,Addicted
01/27/2023 07:46:42,Yes,Yes,Yes,Yes,Always,7,170,Frequently,Always,Yes,Severely Addicted
01/27/2023 10:32:29,No,No,No,No,Never,1,20,Never,Never,No,Not Addicted
01/27/2023 22:07:39,No,No,No,No,Always,3.5,20,Frequently,Frequently,No,Mildly Addicted
01/27/2023 14:26:08,Yes,No,Yes,No,Always,4,60,Always,Frequently,No,Addicted
01/28/2023 00:55:24,No,No,No,No,Rarely,1.5,10,Never,Rarely,No,Not Addicted
01/27/2023 05:18:20,No,No,No,No,Frequently,2,20,Frequently,Always,No,Mildly Addicted
01/27/2023 11:55:13,Yes,Yes,Yes,Yes,Always,4,140,Always,Always,Yes,Moderately Addicted
01/27/2023 18:03:59,No,No,Yes,No,Frequently,2.5,50,Frequently,Frequently,No,Addicted
01/27/2023 23:09:20,No,No,Yes,No,Always,3.5,50,Always,Always,No,Mildly Addicted
01/28/2023 01:29:47,Yes,Yes,Yes,No,Always,2.5,50,Always,Frequently,Yes,Addicted
01/28/2023 01:46:50,Yes,Yes,No,Yes,Always,4.5,110,Always,Frequently,Yes,Moderately Addicted
01/28/2023 03:09:13,Yes,No,No,Yes,Always,4.5,60,Always,Frequently,Yes,Addicted
01/28/2023 05:22:14,No,Yes,No,Yes,Always,3,80,Frequently,Frequently,No,Addicted
01/28/2023 11:37:53,No,No,No,Yes,Frequently,3,90,Always,Frequently,Yes,Addicted
01/28/2023 02:23:03,No,No,No,No,Frequently,2,0,Frequently,Occasionally,No,Mildly Addicted
01/28/2023 09:47:43,Yes,Yes,Yes,Yes,Frequently,8.5,100,Always,Always,Yes,Severely Addicted
01/27/2023 21:22:48,No,No,No,No,Occasionally,3.5,10,Frequently,Frequently,No,Mildly Addicted
01/28/2023 15:03:33,No,Yes,Yes,Yes,Always,3,70,Always,Frequently,Yes,Addicted
01/28/2023 20:54:02,Yes,Yes,No,No,Frequently,6,200,Always,Always,Yes,Severely Addicted
01/28/2023 18:38:48,No,No,No,No,Frequently,3.5,30,Frequently,Always,Yes,Mildly Addicted
01/28/2023 05:10:23,No,No,No,No,Frequently,2,20,Frequently,Always,No,Mildly Addicted
01/28/2023 12:20:00,No,No,No,No,Rarely,0.5,0,Never,Occasionally,No,Not Addicted
01/28/2023 16:27:17,No,No,No,No,Never,1.5,10,Never,Never,No,Not Addicted
01/28/2023 17:43:19,Yes,No,Yes,Yes,Frequently,2.5,10,Always,Always,No,Addicted
01/28/2023 12:39:23,Yes,No,Yes,Yes,Always,4,160,Always,Frequently,Yes,Moderately Addicted
01/28/2023 09:17:43,No,Yes,No,No,Frequently,3,30,Frequently,Frequently,Yes,Addicted
01/28/2023 17:25:55,No,No,Yes,No,Frequently,3.5,80,Frequently,Always,Yes,Addicted
01/28/2023 15:01:35,No,Yes,No,Yes,Occasionally,3.5,0,Frequently,Always,No,Mildly Addicted
01/29/2023 08:50:46,Yes,Yes,Yes,Yes,Always,4.5,100,Always,Always,Yes,Severely Addicted
01/29/2023 05:01:19,No,No,Yes,No,Always,5.5,220,Always,Always,Yes,Severely Addicted
01/29/2023 14:53:24,No,Yes,No,No,Frequently,3,50,Frequently,Frequently,Yes,Addicted
01/29/2023 14:51:46,No,No,No,Yes,Frequently,3,50,Always,Frequently,Yes,Mildly Addicted
01/28/2023 18:57:41,No,No,No,No,Never,0.5,10,Occasionally,Rarely,No,Not Addicted
01/28/2023 23:46:42,No,No,No,No,Rarely,1,10,Occasionally,Never,No,Not Addicted
01/29/2023 00:27:28,No,No,No,No,Always,2.5,10,Frequently,Occasionally,No,Mildly Addicted
01/29/2023 12:44:36,No,No,No,No,Never,1.5,20,Occasionally,Never,No,Not Addicted
01/29/2023 08:48:15,Yes,Yes,Yes,Yes,Frequently,5,30,Always,Frequently,Yes,Addicted
01/29/2023 04:53:56,No,Yes,No,No,Frequently,3,80,Always,Always,Yes,Addicted
01/29/2023 04:46:53,No,No,Yes,No,Frequently,3,50,Frequently,Frequently,No,Addicted
01/29/2023 09:01:04,No,No,No,Yes,Frequently,3,100,Always,Always,No,Addicted
01/29/2023 13:01:38,Yes,Yes,Yes,Yes,Occasionally,5,250,Frequently,Always,No,Severely Addicted
01/30/2023 06:13:39,Yes,Yes,Yes,Yes,Always,3,50,Frequently,Always,Yes,Addicted
01/29/2023 18:15:38,No,Yes,No,Yes,Frequently,3.5,70,Always,Frequently,No,Addicted
01/29/2023 16:58:21,No,Yes,No,Yes,Frequently,4,90,Frequently,Frequently,No,Addicted
01/30/2023 07:00:55,No,No,No,No,Occasionally,2,50,Always,Occasionally,No,Mildly Addicted
01/29/2023 16:20:32,No,Yes,Yes,Yes,Always,6,230,Always,Always,Yes,Severely Addicted
01/30/2023 03:27:58,Yes,No,Yes,No,Frequently,2.5,40,Always,Frequently,Yes,Addicted
01/30/2023 08:36:43,Yes,Yes,Yes,Yes,Frequently,4,160,Frequently,Frequently,Yes,Moderately Addicted
01/30/2023 00:33:59,No,Yes,No,No,Always,2.5,30,Always,Frequently,No,Addicted
01/29/2023 23:48:20,Yes,Yes,Yes,Yes,Always,6,170,Frequently,Frequently,Yes,Severely Addicted
01/30/2023 18:53:07,No,No,No,Yes,Always,2.5,40,Always,Always,No,Moderately Addicted
01/30/2023 05:02:45,No,No,No,Yes,Frequently,3.5,90,Always,Frequently,Yes,Addicted
01/30/2023 14:28:23,No,No,No,No,Always,4,0,Frequently,Frequently,No,Mildly Addicted
01/30/2023 11:21:01,No,No,No,No,Never,2,10,Rarely,Rarely,No,Not Addicted
01/30/2023 20:32:36,No,No,No,No,Frequently,3,0,Frequently,Occasionally,No,Mildly Addicted
01/30/2023 14:20:13,Yes,Yes,Yes,Yes,Always,3,90,Frequently,Always,No,Moderately Addicted
01/30/2023 22:15:27,Yes,No,Yes,Yes,Frequently,5,10,Frequently,Frequently,No,Addicted
01/31/2023 05:30:50,No,Yes,No,No,Frequently,2.5,70,Always,Frequently,Yes,Addicted
01/30/2023 22:27:49,No,Yes,Yes,Yes,Always,3,90,Frequently,Frequently,No,Addicted
01/31/2023 06:56:40,No,No,No,No,Rarely,1.5,0,Never,Never,No,Not Addicted
01/30/2023 18:36:01,No,No,Yes,Yes,Occasionally,3.5,0,Always,Frequently,No,Mildly Addicted
01/31/2023 10:43:03,Yes,No,No,No,Frequently,2.5,10,Frequently,Frequently,No,Mildly Addicted
01/30/2023 18:28:58,Yes,No,No,No,Always,3,10,Frequently,Frequently,No,Mildly Addicted
01/31/2023 04:23:24,Yes,Yes,No,No,Frequently,2.5,50,Frequently,Always,Yes,Addicted
01/31/2023 10:13:17,No,Yes,Yes,Yes,Frequently,9.5,250,Occasionally,Frequently,Yes,Severely Addicted
01/31/2023 07:48:30,No,No,Yes,Yes,Frequently,4,90,Frequently,Frequently,No,Addicted
01/30/2023 22:24:30,Yes,Yes,No,No,Frequently,3,90,Always,Frequently,No,Addicted
01/31/2023 03:08:30,No,No,No,Yes,Frequently,2,70,Always,Frequently,No,Addicted
01/30/2023 22:55:40,Yes,No,Yes,Yes,Occasionally,2.5,30,Frequently,Frequently,Yes,Mildly Addicted
01/31/2023 10:37:59,Yes,No,Yes,No,Frequently,3.5,60,Frequently,Always,Yes,Addicted
01/31/2023 10:00:43,No,Yes,Yes,Yes,Always,4,30,Frequently,Always,Yes,Moderately Addicted
01/31/2023 04:04:15,No,No,No,No,Never,0.5,10,Rarely,Never,No,Not Addicted
02-01-23 2:39,Yes,Yes,Yes,Yes,Frequently,5,60,Frequently,Always,Yes,Addicted
01/31/2023 08:37:39,Yes,No,Yes,Yes,Frequently,10,190,Always,Always,Yes,Severely Addicted
01/31/2023 23:56:14,No,No,No,No,Always,2.5,30,Always,Frequently,Yes,Mildly Addicted
01/31/2023 19:28:30,No,No,Yes,No,Frequently,4,20,Always,Always,No,Mildly Addicted
01/31/2023 22:41:08,No,Yes,No,No,Frequently,3,0,Frequently,Occasionally,No,Mildly Addicted
01/31/2023 13:20:20,No,No,Yes,No,Frequently,2.5,50,Always,Frequently,No,Mildly Addicted
01/31/2023 14:15:51,No,No,Yes,No,Always,3,30,Frequently,Frequently,No,Addicted
01/31/2023 14:57:49,No,No,No,No,Occasionally,3,20,Always,Occasionally,No,Mildly Addicted
01/31/2023 17:45:49,No,Yes,Yes,No,Always,2.5,60,Frequently,Frequently,Yes,Addicted
02-01-23 8:15,Yes,No,No,No,Frequently,3.5,10,Always,Always,Yes,Mildly Addicted
02-01-23 8:09,No,No,No,No,Frequently,3.5,40,Always,Frequently,No,Mildly Addicted
02-01-23 8:20,No,Yes,No,Yes,Frequently,3,10,Frequently,Always,Yes,Addicted
02-01-23 17:50,Yes,No,Yes,Yes,Always,3.5,80,Occasionally,Always,No,Moderately Addicted
02-01-23 15:08,No,Yes,No,Yes,Frequently,2.5,20,Frequently,Frequently,No,Addicted
02-01-23 14:07,No,No,No,Yes,Frequently,3,30,Frequently,Frequently,No,Addicted
02-01-23 13:48,Yes,No,Yes,No,Frequently,3.5,160,Occasionally,Always,Yes,Moderately Addicted
02-01-23 5:11,Yes,Yes,Yes,Yes,Always,3,60,Frequently,Always,Yes,Moderately Addicted
02-01-23 4:39,Yes,No,Yes,No,Always,5,80,Frequently,Always,No,Addicted
02-01-23 18:18,Yes,Yes,Yes,Yes,Frequently,7.5,190,Always,Always,No,Severely Addicted
02-01-23 16:04,No,Yes,Yes,No,Frequently,5.5,150,Always,Always,Yes,Moderately Addicted
02-02-23 1:58,Yes,No,No,Yes,Always,3.5,150,Always,Frequently,Yes,Moderately Addicted
02-01-23 11:59,No,No,Yes,No,Occasionally,2.5,20,Always,Frequently,No,Mildly Addicted
02-01-23 17:55,No,No,Yes,No,Frequently,3.5,60,Frequently,Frequently,Yes,Addicted
02-02-23 6:52,Yes,Yes,Yes,Yes,Frequently,4,110,Frequently,Always,No,Severely Addicted
02-02-23 4:57,Yes,No,No,Yes,Frequently,2,10,Always,Frequently,Yes,Addicted
02-01-23 23:20,Yes,No,Yes,No,Frequently,2.5,10,Frequently,Frequently,Yes,Addicted
02-02-23 9:17,Yes,Yes,Yes,Yes,Always,8.5,70,Frequently,Always,Yes,Severely Addicted
02-01-23 23:22,Yes,Yes,No,Yes,Always,5.5,70,Always,Always,Yes,Severely Addicted
02-02-23 2:32,Yes,Yes,Yes,Yes,Frequently,3.5,90,Frequently,Always,No,Addicted
02-02-23 20:02,Yes,Yes,Yes,Yes,Frequently,4,30,Frequently,Always,Yes,Moderately Addicted
02-02-23 15:51,Yes,Yes,No,No,Always,3,30,Frequently,Frequently,Yes,Addicted
02-02-23 7:53,No,Yes,No,No,Occasionally,1,0,Rarely,Occasionally,No,Not Addicted
02-02-23 19:17,No,No,No,No,Occasionally,2,0,Rarely,Rarely,No,Not Addicted
02-02-23 5:53,No,No,No,No,Always,3.5,40,Always,Frequently,No,Mildly Addicted
02-02-23 20:08,No,Yes,No,No,Frequently,4,30,Frequently,Always,No,Mildly Addicted
02-02-23 14:23,Yes,Yes,Yes,Yes,Occasionally,4,180,Occasionally,Frequently,Yes,Severely Addicted
02-02-23 9:14,No,No,No,No,Occasionally,1.5,10,Never,Rarely,No,Not Addicted
02-02-23 8:23,No,No,Yes,Yes,Occasionally,3,30,Always,Frequently,No,Mildly Addicted
02-02-23 17:45,Yes,No,No,No,Frequently,3,80,Always,Frequently,No,Addicted
02-03-23 1:10,No,Yes,No,No,Occasionally,4,0,Always,Frequently,No,Mildly Addicted
02-02-23 15:43,No,No,No,No,Always,3,20,Always,Always,No,Addicted
02-02-23 18:41,No,Yes,Yes,No,Always,2.5,50,Frequently,Frequently,Yes,Addicted
02-03-23 7:01,No,No,No,No,Always,2.5,10,Always,Occasionally,No,Mildly Addicted
02-02-23 17:39,No,No,Yes,Yes,Frequently,3,30,Always,Frequently,No,Mildly Addicted
02-02-23 18:14,No,No,No,No,Frequently,2,20,Frequently,Frequently,No,Mildly Addicted
02-02-23 20:13,No,No,Yes,No,Always,4,0,Always,Frequently,Yes,Mildly Addicted
02-03-23 1:35,No,Yes,No,No,Occasionally,2,30,Always,Frequently,Yes,Mildly Addicted
02-03-23 6:43,Yes,No,No,No,Frequently,2.5,70,Frequently,Frequently,No,Addicted
02-03-23 19:47,No,Yes,Yes,Yes,Frequently,7,140,Frequently,Always,No,Severely Addicted
02-03-23 10:08,Yes,Yes,Yes,Yes,Always,9,180,Always,Always,Yes,Severely Addicted
02-03-23 16:25,Yes,Yes,No,No,Always,6,90,Frequently,Frequently,Yes,Moderately Addicted
02-03-23 16:24,No,No,No,Yes,Always,3,110,Frequently,Frequently,No,Moderately Addicted
02-03-23 5:46,Yes,Yes,Yes,No,Frequently,7.5,240,Always,Always,No,Severely Addicted
02-04-23 4:15,No,No,No,Yes,Frequently,3,40,Frequently,Always,Yes,Addicted
02-03-23 15:16,Yes,Yes,Yes,Yes,Always,8,190,Occasionally,Always,No,Severely Addicted
02-03-23 16:33,No,Yes,Yes,Yes,Occasionally,3.5,30,Always,Occasionally,No,Mildly Addicted
02-03-23 19:40,Yes,Yes,Yes,Yes,Always,8.5,200,Always,Always,Yes,Severely Addicted
02-03-23 13:33,No,No,Yes,No,Occasionally,3,10,Always,Frequently,Yes,Mildly Addicted
02-04-23 11:07,Yes,Yes,Yes,Yes,Always,4,220,Always,Frequently,Yes,Severely Addicted
02-04-23 4:04,Yes,Yes,Yes,Yes,Frequently,5,10,Always,Frequently,No,Addicted
02-04-23 5:52,Yes,Yes,Yes,No,Always,4.5,40,Always,Always,Yes,Moderately Addicted
02-04-23 2:12,Yes,Yes,No,Yes,Always,7.5,100,Frequently,Always,Yes,Severely Addicted
02-03-23 21:31,No,Yes,No,No,Always,3,90,Frequently,Frequently,Yes,Addicted
02-04-23 8:08,Yes,Yes,No,Yes,Frequently,3.5,20,Frequently,Frequently,No,Addicted
02-04-23 5:05,No,No,No,No,Occasionally,2,10,Rarely,Occasionally,No,Not Addicted
02-04-23 5:25,Yes,Yes,Yes,Yes,Always,5.5,60,Always,Frequently,Yes,Severely Addicted
02-04-23 7:07,Yes,No,No,Yes,Frequently,6,60,Always,Always,Yes,Moderately Addicted
02-05-23 0:48,Yes,No,Yes,No,Frequently,4,20,Frequently,Always,No,Addicted
02-05-23 1:25,No,Yes,Yes,Yes,Frequently,5.5,40,Always,Frequently,No,Moderately Addicted
02-04-23 12:54,No,Yes,Yes,No,Frequently,4.5,140,Always,Always,Yes,Moderately Addicted
02-05-23 3:00,No,No,Yes,Yes,Frequently,5,50,Frequently,Always,Yes,Addicted
02-04-23 22:40,Yes,Yes,No,No,Frequently,5,30,Always,Always,Yes,Addicted
02-05-23 5:29,Yes,No,Yes,No,Always,2,90,Frequently,Frequently,No,Addicted
02-04-23 15:40,No,No,No,No,Always,2,50,Always,Occasionally,Yes,Mildly Addicted
02-04-23 15:51,No,No,No,Yes,Always,2,30,Frequently,Frequently,Yes,Mildly Addicted
02-04-23 20:39,No,No,No,Yes,Frequently,4,20,Frequently,Frequently,Yes,Addicted
02-04-23 17:20,No,No,No,No,Always,3,40,Always,Frequently,Yes,Mildly Addicted
02-05-23 7:38,No,Yes,Yes,Yes,Frequently,2.5,90,Always,Frequently,Yes,Addicted
02-05-23 9:22,No,No,Yes,Yes,Frequently,4.5,40,Frequently,Always,No,Addicted
02-05-23 16:34,Yes,Yes,No,Yes,Frequently,3,50,Always,Always,No,Addicted
02-05-23 19:23,No,Yes,No,Yes,Frequently,2.5,90,Always,Frequently,Yes,Addicted
02-05-23 3:28,Yes,Yes,No,Yes,Occasionally,3,20,Frequently,Always,Yes,Mildly Addicted
02-05-23 2:04,Yes,No,No,No,Occasionally,3,20,Always,Occasionally,No,Mildly Addicted
02-05-23 20:16,No,Yes,Yes,No,Always,2,50,Always,Frequently,No,Mildly Addicted
02-05-23 17:05,No,No,No,No,Occasionally,2,0,Frequently,Frequently,Yes,Mildly Addicted
02-05-23 13:51,No,Yes,No,No,Occasionally,3,30,Always,Frequently,No,Mildly Addicted
02-05-23 7:28,Yes,No,No,Yes,Always,4,80,Always,Always,No,Addicted
02-06-23 2:52,Yes,Yes,No,Yes,Frequently,4.5,60,Frequently,Always,Yes,Moderately Addicted
02-06-23 1:46,No,No,No,No,Occasionally,4,0,Always,Always,Yes,Mildly Addicted
02-06-23 5:07,Yes,No,No,No,Frequently,3,0,Occasionally,Frequently,Yes,Mildly Addicted
02-05-23 12:47,Yes,No,Yes,No,Occasionally,3.5,50,Always,Always,No,Mildly Addicted
02-06-23 5:47,No,Yes,No,No,Rarely,1.5,10,Never,Occasionally,No,Not Addicted
02-06-23 4:11,No,Yes,No,No,Always,3.5,100,Frequently,Frequently,Yes,Addicted
02-06-23 0:56,Yes,Yes,Yes,Yes,Frequently,4,170,Always,Always,Yes,Severely Addicted
02-06-23 3:32,No,No,No,No,Occasionally,1,20,Never,Never,No,Not Addicted
02-05-23 20:23,Yes,Yes,No,No,Always,6,170,Frequently,Always,No,Moderately Addicted
02-06-23 4:12,Yes,No,No,No,Frequently,2,50,Frequently,Frequently,No,Addicted
02-06-23 7:55,Yes,Yes,Yes,No,Always,6,100,Occasionally,Frequently,Yes,Moderately Addicted
02-06-23 23:02,Yes,Yes,Yes,Yes,Always,6.5,140,Occasionally,Always,No,Severely Addicted
02-06-23 20:28,No,No,No,No,Always,2,30,Frequently,Frequently,No,Mildly Addicted
02-06-23 21:34,Yes,Yes,Yes,No,Always,3.5,70,Frequently,Frequently,No,Addicted
02-06-23 14:03,No,No,No,No,Frequently,3.5,20,Frequently,Occasionally,Yes,Mildly Addicted
02-06-23 20:36,No,Yes,No,No,Frequently,4,10,Frequently,Occasionally,No,Mildly Addicted
02-06-23 7:08,Yes,Yes,Yes,Yes,Always,8,80,Frequently,Always,Yes,Severely Addicted
02-06-23 21:35,No,No,No,No,Rarely,1.5,0,Never,Occasionally,No,Not Addicted
02-07-23 1:27,No,No,No,No,Frequently,2,0,Always,Always,No,Mildly Addicted
02-06-23 11:58,Yes,Yes,Yes,No,Always,5.5,70,Occasionally,Always,Yes,Severely Addicted
02-07-23 6:58,No,Yes,Yes,No,Always,3.5,90,Frequently,Frequently,Yes,Addicted
02-06-23 22:15,No,No,No,No,Frequently,3,10,Always,Frequently,Yes,Addicted
02-07-23 10:20,No,Yes,Yes,Yes,Frequently,3.5,50,Always,Frequently,No,Addicted
02-07-23 1:54,No,No,No,No,Occasionally,2.5,30,Frequently,Frequently,No,Mildly Addicted
02-07-23 9:26,Yes,Yes,Yes,Yes,Frequently,5,20,Always,Always,No,Addicted
02-06-23 23:09,Yes,Yes,No,No,Always,2.5,70,Always,Frequently,No,Addicted
02-07-23 13:24,Yes,Yes,Yes,Yes,Frequently,5,130,Frequently,Frequently,No,Moderately Addicted
02-07-23 13:37,No,No,Yes,Yes,Frequently,2,0,Always,Frequently,No,Mildly Addicted
02-07-23 16:28,No,No,No,Yes,Occasionally,2,30,Frequently,Occasionally,No,Mildly Addicted
02-07-23 2:15,No,No,No,No,Always,3.5,60,Always,Frequently,Yes,Addicted
02-07-23 22:04,No,Yes,Yes,No,Occasionally,3,30,Frequently,Frequently,No,Mildly Addicted
02-07-23 10:47,Yes,No,Yes,No,Always,6,80,Always,Always,No,Moderately Addicted
02-07-23 13:23,No,Yes,No,No,Frequently,2.5,0,Always,Occasionally,No,Mildly Addicted
02-07-23 18:10,No,Yes,Yes,No,Always,4,120,Always,Always,Yes,Moderately Addicted
02-07-23 16:31,Yes,No,Yes,No,Always,2.5,100,Frequently,Always,Yes,Addicted
02-07-23 9:31,No,Yes,Yes,Yes,Always,4,110,Occasionally,Always,No,Moderately Addicted
02-07-23 12:21,No,No,No,No,Never,1.5,20,Rarely,Rarely,No,Not Addicted
02-07-23 20:00,No,Yes,Yes,No,Frequently,3,30,Frequently,Always,Yes,Addicted
02-08-23 7:46,Yes,Yes,Yes,Yes,Frequently,5,60,Always,Always,Yes,Moderately Addicted
02-07-23 15:41,Yes,Yes,No,Yes,Frequently,5,80,Frequently,Always,Yes,Addicted
02-08-23 9:20,No,No,No,No,Frequently,2,20,Always,Frequently,No,Mildly Addicted
02-07-23 23:03,No,No,No,No,Frequently,3.5,10,Frequently,Occasionally,Yes,Mildly Addicted
02-07-23 19:27,No,Yes,No,No,Occasionally,3,50,Frequently,Always,Yes,Mildly Addicted
02-08-23 17:33,No,No,No,No,Never,1.5,20,Never,Occasionally,No,Not Addicted
02-08-23 4:04,No,Yes,No,No,Occasionally,2.5,0,Always,Frequently,No,Mildly Addicted
02-08-23 21:19,Yes,Yes,No,Yes,Frequently,5,150,Always,Frequently,Yes,Moderately Addicted
02-08-23 19:56,No,No,Yes,Yes,Always,4,50,Always,Frequently,No,Addicted
02-08-23 14:48,No,No,No,No,Rarely,1.5,10,Never,Occasionally,No,Not Addicted
02-08-23 5:06,Yes,Yes,No,Yes,Frequently,6,70,Occasionally,Always,No,Moderately Addicted
02-08-23 11:47,Yes,No,No,No,Frequently,5,90,Always,Always,Yes,Addicted
02-08-23 14:31,No,Yes,No,Yes,Always,2.5,10,Frequently,Frequently,Yes,Addicted
02-08-23 8:58,No,No,No,No,Occasionally,3,30,Always,Occasionally,Yes,Mildly Addicted
02-08-23 20:47,Yes,Yes,No,Yes,Always,8,160,Frequently,Always,No,Severely Addicted
02-08-23 17:28,No,No,Yes,Yes,Occasionally,3,50,Occasionally,Occasionally,Yes,Mildly Addicted
02-08-23 19:30,No,Yes,No,No,Frequently,3,60,Frequently,Always,Yes,Addicted
02-09-23 8:16,Yes,No,Yes,No,Always,3,100,Frequently,Frequently,Yes,Addicted
02-09-23 0:23,No,No,No,No,Rarely,0.5,20,Rarely,Never,No,Not Addicted
02-09-23 2:42,No,No,No,No,Frequently,3.5,100,Always,Frequently,No,Addicted
02-09-23 6:39,Yes,No,Yes,Yes,Frequently,4,30,Always,Always,Yes,Addicted
02-08-23 19:42,No,Yes,No,Yes,Frequently,3.5,70,Always,Frequently,Yes,Addicted
02-09-23 19:02,No,No,Yes,No,Frequently,3.5,50,Always,Occasionally,Yes,Mildly Addicted
02-09-23 20:49,Yes,Yes,Yes,Yes,Always,5,40,Always,Always,Yes,Moderately Addicted
02-09-23 15:20,Yes,No,No,Yes,Frequently,4.5,60,Frequently,Frequently,No,Addicted
02-09-23 14:23,No,No,No,No,Occasionally,1,10,Rarely,Never,No,Not Addicted
02-09-23 13:08,No,No,No,No,Frequently,3.5,30,Always,Always,Yes,Mildly Addicted
02-10-23 3:53,No,No,No,No,Occasionally,2.5,40,Always,Occasionally,Yes,Mildly Addicted
02-09-23 6:12,No,No,No,No,Always,2.5,40,Always,Occasionally,Yes,Mildly Addicted
02-10-23 0:05,Yes,Yes,No,Yes,Frequently,5.5,110,Frequently,Frequently,Yes,Severely Addicted
02-09-23 11:08,Yes,Yes,Yes,Yes,Always,5,150,Frequently,Frequently,Yes,Severely Addicted
02-10-23 1:57,No,Yes,Yes,Yes,Always,9,80,Always,Always,Yes,Severely Addicted
02-10-23 10:14,No,Yes,Yes,Yes,Occasionally,2,50,Frequently,Frequently,No,Mildly Addicted
02-09-23 20:35,No,Yes,No,No,Always,2.5,10,Frequently,Occasionally,No,Mildly Addicted
02-10-23 3:32,No,No,No,No,Always,2,10,Frequently,Occasionally,No,Mildly Addicted
02-09-23 23:24,No,No,Yes,Yes,Always,2,10,Always,Frequently,No,Mildly Addicted
02-10-23 2:52,Yes,Yes,Yes,Yes,Occasionally,4.5,170,Always,Always,Yes,Severely Addicted
02-10-23 7:52,Yes,Yes,No,Yes,Occasionally,4.5,200,Always,Always,Yes,Severely Addicted
02-10-23 18:25,No,Yes,No,No,Never,2,10,Never,Never,No,Not Addicted
02-10-23 3:53,No,No,Yes,Yes,Frequently,5,140,Always,Frequently,No,Moderately Addicted
02-10-23 13:46,Yes,No,Yes,No,Frequently,4,50,Always,Frequently,Yes,Addicted
02-10-23 19:04,Yes,No,Yes,No,Frequently,4.5,30,Frequently,Frequently,Yes,Addicted
02-11-23 0:24,No,No,Yes,No,Frequently,3,20,Frequently,Occasionally,Yes,Mildly Addicted
02-10-23 4:40,Yes,No,Yes,Yes,Always,4.5,160,Frequently,Frequently,Yes,Moderately Addicted
02-10-23 11:02,Yes,No,No,Yes,Always,2.5,90,Always,Frequently,No,Addicted
02-10-23 7:24,Yes,No,No,Yes,Always,3.5,40,Always,Always,Yes,Addicted
02-10-23 19:44,No,No,No,Yes,Always,3,20,Frequently,Frequently,No,Mildly Addicted
02-10-23 18:24,No,Yes,No,Yes,Frequently,5,70,Always,Always,Yes,Moderately Addicted
02-11-23 3:12,No,No,Yes,No,Occasionally,3,40,Always,Occasionally,No,Mildly Addicted
02-11-23 9:26,No,No,No,No,Occasionally,3.5,20,Frequently,Frequently,No,Mildly Addicted
02-10-23 17:50,Yes,Yes,No,No,Occasionally,3,50,Occasionally,Frequently,Yes,Mildly Addicted
02-10-23 22:57,Yes,Yes,Yes,No,Always,5,40,Frequently,Frequently,Yes,Addicted
02-11-23 8:21,No,Yes,No,No,Occasionally,3.5,10,Always,Frequently,No,Mildly Addicted
02-11-23 13:53,No,No,No,No,Rarely,1,10,Never,Rarely,No,Not Addicted
02-11-23 17:50,No,No,No,No,Never,1,0,Occasionally,Rarely,No,Not Addicted
02-11-23 11:30,Yes,Yes,No,No,Always,4,30,Frequently,Frequently,No,Addicted
02-11-23 12:10,Yes,No,No,Yes,Occasionally,2,40,Occasionally,Occasionally,No,Mildly Addicted
02-11-23 21:37,No,No,No,Yes,Always,5,130,Always,Frequently,Yes,Moderately Addicted
02-11-23 15:59,No,No,No,Yes,Frequently,2,20,Always,Frequently,Yes,Addicted
02-11-23 11:29,No,No,Yes,Yes,Frequently,2.5,80,Frequently,Always,No,Addicted
02-12-23 3:14,No,No,No,Yes,Frequently,3.5,100,Always,Frequently,Yes,Addicted
02-11-23 21:20,Yes,Yes,Yes,Yes,Always,4,60,Frequently,Always,Yes,Moderately Addicted
02-11-23 14:30,No,No,No,Yes,Frequently,3,50,Occasionally,Frequently,No,Mildly Addicted
02-11-23 12:38,Yes,No,No,Yes,Frequently,4,60,Frequently,Always,Yes,Addicted
02-12-23 4:42,Yes,No,No,No,Occasionally,4,40,Always,Frequently,No,Mildly Addicted
02-11-23 17:37,Yes,Yes,Yes,Yes,Always,4,130,Always,Frequently,Yes,Moderately Addicted
02-11-23 15:56,No,No,No,No,Rarely,0.5,10,Occasionally,Occasionally,No,Not Addicted
02-12-23 2:08,No,Yes,No,No,Frequently,3.5,40,Occasionally,Always,No,Mildly Addicted
02-12-23 10:28,No,No,Yes,No,Frequently,3.5,10,Frequently,Frequently,Yes,Mildly Addicted
02-12-23 15:20,Yes,No,No,No,Frequently,3,40,Always,Frequently,Yes,Addicted
02-11-23 23:14,No,No,No,No,Occasionally,2,0,Rarely,Rarely,No,Not Addicted
02-12-23 19:01,No,No,No,No,Rarely,1,20,Rarely,Rarely,No,Not Addicted
02-12-23 9:43,No,Yes,Yes,Yes,Occasionally,2,10,Frequently,Frequently,No,Mildly Addicted
02-12-23 3:04,No,No,No,No,Occasionally,3.5,0,Frequently,Always,Yes,Mildly Addicted
02-12-23 8:29,No,Yes,No,No,Frequently,3.5,60,Always,Always,Yes,Addicted
02-12-23 20:56,Yes,Yes,Yes,No,Frequently,6.5,90,Frequently,Always,Yes,Severely Addicted
02-12-23 12:50,Yes,No,Yes,No,Always,2.5,70,Always,Always,No,Addicted
02-12-23 7:49,Yes,No,Yes,Yes,Always,2,90,Frequently,Always,No,Addicted
02-12-23 20:48,No,No,No,No,Occasionally,3.5,20,Occasionally,Occasionally,No,Mildly Addicted
02/13/2023 00:16:26,No,No,No,Yes,Occasionally,4,0,Frequently,Frequently,Yes,Mildly Addicted
02/13/2023 02:48:16,No,Yes,Yes,Yes,Frequently,2.5,140,Always,Always,Yes,Moderately Addicted
02-12-23 16:00,Yes,No,Yes,Yes,Always,7,240,Always,Always,Yes,Severely Addicted
02/13/2023 00:00:49,Yes,Yes,Yes,Yes,Frequently,2.5,40,Frequently,Frequently,No,Addicted
02/13/2023 07:01:35,No,No,No,No,Always,4.5,130,Occasionally,Frequently,No,Moderately Addicted
02/13/2023 06:55:00,No,Yes,No,No,Occasionally,3.5,20,Always,Frequently,No,Mildly Addicted
02/13/2023 10:47:25,Yes,Yes,Yes,No,Always,4.5,180,Always,Always,No,Severely Addicted
02/13/2023 01:46:43,No,No,Yes,No,Frequently,5,10,Frequently,Frequently,Yes,Addicted
02/13/2023 05:48:20,Yes,Yes,Yes,No,Frequently,3,70,Always,Always,No,Addicted
02/13/2023 13:25:52,No,Yes,No,No,Always,2.5,30,Frequently,Always,Yes,Mildly Addicted
02/13/2023 08:32:26,No,Yes,No,No,Rarely,2,20,Occasionally,Never,No,Not Addicted
02/13/2023 06:11:43,No,No,No,No,Never,1,20,Never,Never,No,Not Addicted
02/13/2023 19:28:46,No,Yes,No,No,Always,2.5,10,Occasionally,Frequently,Yes,Mildly Addicted
02/13/2023 16:40:10,No,Yes,Yes,No,Always,5.5,120,Always,Always,No,Moderately Addicted
02/13/2023 16:52:17,Yes,No,No,No,Frequently,3,40,Frequently,Frequently,No,Addicted
02/13/2023 22:58:24,No,Yes,No,No,Occasionally,3,40,Frequently,Occasionally,Yes,Mildly Addicted
02/13/2023 22:03:46,Yes,No,Yes,No,Frequently,5.5,70,Always,Always,Yes,Moderately Addicted
02/13/2023 23:57:03,Yes,Yes,No,Yes,Frequently,5.5,90,Always,Always,Yes,Moderately Addicted
02/14/2023 03:25:30,Yes,No,Yes,Yes,Always,3,20,Always,Always,Yes,Addicted
02/13/2023 21:56:20,Yes,Yes,No,No,Frequently,4.5,70,Always,Always,No,Addicted
02/14/2023 03:37:20,Yes,Yes,No,Yes,Frequently,4,70,Always,Frequently,No,Addicted
02/13/2023 20:08:32,No,No,Yes,Yes,Frequently,3.5,40,Always,Frequently,No,Mildly Addicted
02/13/2023 14:28:55,No,Yes,Yes,Yes,Always,3,30,Frequently,Always,Yes,Addicted
02/14/2023 04:49:49,Yes,Yes,No,No,Always,4,40,Frequently,Frequently,No,Mildly Addicted
02/13/2023 21:25:21,No,No,No,No,Rarely,0.5,20,Never,Rarely,No,Not Addicted
02/13/2023 20:11:59,Yes,Yes,No,No,Frequently,2,20,Frequently,Always,No,Addicted
02/14/2023 14:03:36,No,Yes,Yes,Yes,Frequently,3.5,90,Always,Frequently,Yes,Addicted
02/14/2023 18:29:52,Yes,No,No,No,Always,3,60,Always,Frequently,No,Addicted
02/14/2023 02:47:33,Yes,Yes,Yes,Yes,Occasionally,2.5,50,Occasionally,Frequently,No,Mildly Addicted
02/14/2023 04:59:50,No,No,Yes,No,Frequently,3,10,Always,Always,Yes,Mildly Addicted
02/14/2023 15:37:08,No,No,No,No,Always,2,50,Always,Frequently,No,Mildly Addicted
02/14/2023 19:01:57,Yes,Yes,Yes,No,Frequently,3,90,Frequently,Frequently,No,Addicted
02/14/2023 23:06:09,No,No,Yes,Yes,Always,3.5,100,Always,Always,No,Addicted
02/14/2023 09:04:25,Yes,No,No,No,Always,4,10,Frequently,Always,No,Mildly Addicted
02/14/2023 08:41:23,Yes,No,Yes,No,Frequently,3,130,Frequently,Always,No,Moderately Addicted
02/15/2023 06:05:40,No,Yes,No,No,Occasionally,1,0,Rarely,Rarely,No,Not Addicted
02/14/2023 22:54:07,Yes,No,No,No,Always,3,70,Frequently,Frequently,No,Addicted
02/14/2023 19:54:51,No,No,No,No,Occasionally,2.5,50,Frequently,Frequently,Yes,Mildly Addicted
02/15/2023 01:34:59,No,No,No,No,Always,4.5,30,Occasionally,Always,Yes,Moderately Addicted
02/15/2023 05:13:47,No,Yes,No,No,Frequently,3.5,30,Frequently,Frequently,Yes,Addicted
02/15/2023 03:18:10,No,No,Yes,Yes,Frequently,3,80,Frequently,Frequently,Yes,Addicted
02/14/2023 21:11:20,Yes,No,Yes,No,Frequently,3,20,Always,Frequently,Yes,Addicted
02/15/2023 15:16:30,Yes,No,No,Yes,Always,4,20,Frequently,Occasionally,No,Mildly Addicted
02/15/2023 08:51:55,Yes,Yes,Yes,Yes,Frequently,3,60,Always,Always,Yes,Addicted
02/14/2023 22:01:25,No,No,No,No,Never,1,20,Rarely,Rarely,No,Not Addicted
02/15/2023 12:30:48,No,No,Yes,No,Frequently,2.5,70,Always,Frequently,No,Addicted
02/15/2023 07:47:29,No,No,No,No,Never,1.5,0,Never,Rarely,No,Not Addicted
02/15/2023 15:27:41,No,No,Yes,No,Frequently,2,0,Always,Occasionally,Yes,Mildly Addicted
02/15/2023 08:55:29,No,Yes,No,No,Frequently,2.5,20,Always,Frequently,No,Mildly Addicted
02/15/2023 09:59:44,Yes,Yes,No,Yes,Always,5,60,Frequently,Frequently,Yes,Moderately Addicted
02/15/2023 22:59:46,No,No,Yes,Yes,Frequently,3,180,Frequently,Always,No,Moderately Addicted
02/15/2023 11:52:10,No,Yes,Yes,Yes,Always,9.5,150,Always,Always,Yes,Severely Addicted
02/15/2023 16:31:54,No,Yes,No,Yes,Always,3,10,Frequently,Frequently,No,Addicted
02/16/2023 00:26:48,Yes,No,Yes,Yes,Always,5,180,Occasionally,Always,Yes,Moderately Addicted
02/15/2023 21:28:36,Yes,Yes,Yes,Yes,Frequently,4.5,130,Always,Always,Yes,Severely Addicted
02/16/2023 00:37:00,No,Yes,No,Yes,Always,3.5,60,Always,Always,Yes,Addicted
02/16/2023 01:48:08,Yes,Yes,No,No,Frequently,3,80,Always,Frequently,Yes,Addicted
02/15/2023 17:37:49,No,Yes,No,Yes,Always,4.5,70,Frequently,Frequently,Yes,Addicted
02/16/2023 16:04:46,No,No,Yes,No,Occasionally,3,50,Always,Frequently,Yes,Mildly Addicted
02/16/2023 05:08:48,No,Yes,Yes,Yes,Always,4.5,70,Frequently,Always,Yes,Moderately Addicted
02/15/2023 21:38:07,Yes,Yes,Yes,Yes,Always,7.5,180,Always,Always,Yes,Severely Addicted
02/16/2023 17:58:35,Yes,Yes,Yes,Yes,Always,4.5,20,Frequently,Always,No,Addicted
02/16/2023 11:49:36,Yes,Yes,No,Yes,Always,5,40,Always,Always,Yes,Moderately Addicted
02/16/2023 17:35:03,No,No,Yes,No,Occasionally,3,40,Frequently,Frequently,No,Mildly Addicted
02/16/2023 07:31:35,No,No,No,No,Occasionally,2.5,0,Occasionally,Occasionally,No,Mildly Addicted
02/16/2023 21:48:44,No,Yes,No,Yes,Always,2.5,120,Always,Frequently,No,Moderately Addicted
02/16/2023 18:52:23,No,Yes,Yes,Yes,Always,2,80,Frequently,Always,Yes,Addicted
02/16/2023 11:24:41,Yes,No,Yes,No,Frequently,5,30,Frequently,Frequently,No,Addicted
02/16/2023 20:24:42,No,Yes,Yes,No,Always,2.5,20,Always,Frequently,Yes,Addicted
02/16/2023 22:03:18,Yes,No,No,Yes,Always,3,110,Always,Always,Yes,Moderately Addicted
02/16/2023 17:11:16,No,No,No,Yes,Frequently,4.5,30,Always,Frequently,No,Addicted
02/17/2023 04:48:00,Yes,No,No,Yes,Always,5.5,50,Always,Always,Yes,Moderately Addicted
02/17/2023 05:47:58,No,No,No,No,Occasionally,0.5,0,Occasionally,Rarely,No,Not Addicted
02/17/2023 04:55:43,No,No,Yes,Yes,Frequently,2.5,40,Always,Always,No,Addicted
02/16/2023 18:48:36,Yes,Yes,No,Yes,Frequently,5,90,Frequently,Always,No,Moderately Addicted
02/17/2023 08:20:52,No,No,No,No,Frequently,2,50,Always,Occasionally,No,Mildly Addicted
02/17/2023 12:08:30,No,Yes,Yes,Yes,Frequently,9.5,60,Always,Always,Yes,Severely Addicted
02/16/2023 21:10:16,No,No,No,No,Always,2.5,10,Always,Always,Yes,Addicted
02/17/2023 21:51:51,Yes,Yes,No,Yes,Frequently,3,90,Frequently,Frequently,Yes,Addicted
02/17/2023 13:26:18,Yes,Yes,Yes,No,Frequently,2.5,40,Always,Frequently,Yes,Addicted
02/17/2023 00:55:37,Yes,Yes,Yes,Yes,Frequently,2.5,70,Frequently,Frequently,No,Addicted
02/17/2023 15:06:05,Yes,Yes,Yes,No,Always,3.5,40,Always,Frequently,No,Addicted
02/17/2023 22:41:39,Yes,Yes,No,No,Frequently,3.5,20,Always,Occasionally,No,Mildly Addicted
02/17/2023 22:13:25,No,Yes,No,Yes,Frequently,4,120,Always,Always,Yes,Moderately Addicted
02/17/2023 23:42:25,No,No,Yes,Yes,Frequently,2,40,Frequently,Occasionally,Yes,Mildly Addicted
02/18/2023 06:32:20,Yes,Yes,Yes,Yes,Frequently,3.5,130,Always,Always,Yes,Moderately Addicted
02/17/2023 19:17:38,No,No,No,No,Always,3.5,10,Always,Always,Yes,Addicted
02/18/2023 09:02:05,Yes,Yes,Yes,Yes,Frequently,3,20,Always,Always,Yes,Addicted
02/18/2023 04:45:55,Yes,Yes,No,Yes,Always,6,150,Frequently,Frequently,No,Moderately Addicted
02/18/2023 06:22:00,Yes,No,Yes,Yes,Always,5,60,Frequently,Always,Yes,Moderately Addicted
02/17/2023 20:17:52,No,No,Yes,No,Frequently,2,10,Always,Frequently,No,Mildly Addicted
02/17/2023 23:00:30,Yes,Yes,Yes,No,Always,4,130,Always,Frequently,Yes,Moderately Addicted
02/18/2023 08:00:34,No,No,No,No,Rarely,1.5,10,Never,Never,No,Not Addicted
02/18/2023 01:51:39,No,No,Yes,Yes,Frequently,2,40,Frequently,Frequently,Yes,Mildly Addicted
02/18/2023 18:01:11,No,No,No,No,Rarely,1,0,Rarely,Occasionally,No,Not Addicted
02/17/2023 22:52:24,No,Yes,Yes,Yes,Frequently,5,140,Always,Always,Yes,Severely Addicted
02/18/2023 12:43:00,Yes,Yes,No,Yes,Always,3.5,10,Frequently,Always,Yes,Addicted
02/18/2023 19:54:31,No,No,Yes,No,Occasionally,2,30,Frequently,Frequently,No,Mildly Addicted
02/18/2023 19:31:56,No,Yes,No,No,Always,4.5,20,Frequently,Frequently,No,Addicted
02/18/2023 08:39:31,No,No,No,No,Frequently,2.5,10,Always,Frequently,No,Mildly Addicted
02/18/2023 09:22:57,No,No,No,No,Frequently,4,10,Occasionally,Occasionally,Yes,Mildly Addicted
02/19/2023 03:43:49,Yes,Yes,No,Yes,Always,3,80,Always,Frequently,No,Addicted
02/18/2023 15:10:42,No,No,Yes,Yes,Frequently,4.5,40,Always,Always,Yes,Moderately Addicted
02/18/2023 21:47:42,Yes,No,No,Yes,Frequently,3.5,90,Always,Frequently,No,Addicted
02/18/2023 21:37:25,Yes,No,Yes,Yes,Frequently,3,10,Frequently,Occasionally,No,Mildly Addicted
02/18/2023 19:22:04,Yes,Yes,Yes,Yes,Always,2.5,50,Frequently,Frequently,Yes,Addicted
02/19/2023 03:49:21,No,Yes,No,No,Never,1.5,20,Rarely,Occasionally,No,Not Addicted
02/19/2023 13:42:17,Yes,No,Yes,No,Always,4.5,90,Always,Frequently,Yes,Moderately Addicted
02/19/2023 14:47:48,No,Yes,No,No,Occasionally,2,40,Frequently,Occasionally,Yes,Mildly Addicted
02/19/2023 02:02:24,No,Yes,No,Yes,Always,3.5,20,Frequently,Always,No,Addicted
02/19/2023 03:12:45,Yes,Yes,No,Yes,Always,4.5,240,Occasionally,Always,Yes,Severely Addicted
02/19/2023 17:21:31,No,Yes,Yes,No,Always,4,140,Occasionally,Always,Yes,Moderately Addicted
02/19/2023 11:44:15,Yes,Yes,No,No,Frequently,3,0,Occasionally,Always,Yes,Mildly Addicted
02/19/2023 15:38:42,No,No,No,No,Occasionally,2,0,Occasionally,Never,No,Not Addicted
02/19/2023 04:46:30,No,No,No,No,Always,4,40,Always,Occasionally,Yes,Mildly Addicted
02/19/2023 20:21:05,No,Yes,Yes,No,Always,2,30,Always,Frequently,Yes,Mildly Addicted
02/19/2023 11:49:35,No,No,No,Yes,Occasionally,3.5,30,Frequently,Occasionally,Yes,Mildly Addicted
02/19/2023 08:29:49,No,Yes,No,No,Rarely,1.5,20,Rarely,Rarely,No,Not Addicted
02/19/2023 13:05:49,Yes,Yes,Yes,No,Occasionally,6,130,Frequently,Frequently,Yes,Severely Addicted
02/19/2023 09:29:34,No,Yes,Yes,Yes,Frequently,3.5,50,Always,Frequently,Yes,Mildly Addicted
02/19/2023 11:58:51,No,No,No,No,Frequently,2.5,50,Always,Always,Yes,Addicted
02/19/2023 20:09:06,No,Yes,No,No,Occasionally,3,50,Frequently,Occasionally,Yes,Mildly Addicted
02/20/2023 12:10:46,No,No,No,No,Always,2,20,Frequently,Frequently,No,Mildly Addicted
02/20/2023 04:54:12,No,Yes,No,No,Occasionally,3,40,Always,Occasionally,No,Mildly Addicted
02/20/2023 03:15:07,No,No,No,Yes,Occasionally,2,40,Always,Frequently,No,Mildly Addicted
02/19/2023 22:04:20,No,No,No,Yes,Frequently,5,60,Always,Always,No,Moderately Addicted
02/19/2023 19:19:34,No,No,No,No,Rarely,1,20,Rarely,Rarely,No,Not Addicted
02/19/2023 22:20:04,No,Yes,Yes,Yes,Frequently,3,30,Frequently,Occasionally,No,Mildly Addicted
02/20/2023 02:25:37,Yes,No,Yes,No,Occasionally,2.5,10,Always,Occasionally,Yes,Mildly Addicted
02/20/2023 04:00:16,No,No,No,Yes,Always,3.5,10,Occasionally,Always,Yes,Mildly Addicted
02/20/2023 10:30:58,Yes,No,Yes,Yes,Frequently,2.5,30,Always,Frequently,Yes,Mildly Addicted
02/21/2023 00:59:39,No,No,No,Yes,Frequently,3,50,Frequently,Frequently,Yes,Addicted
02/20/2023 16:36:07,No,No,No,Yes,Always,5,180,Occasionally,Always,No,Moderately Addicted
02/20/2023 04:41:47,No,Yes,No,Yes,Frequently,3,30,Frequently,Frequently,No,Mildly Addicted
02/20/2023 21:02:30,Yes,Yes,Yes,Yes,Frequently,4.5,10,Always,Frequently,No,Addicted
02/20/2023 13:05:59,No,No,No,No,Frequently,2,20,Always,Frequently,No,Mildly Addicted
02/21/2023 06:45:36,No,Yes,No,No,Never,1,0,Never,Occasionally,No,Not Addicted
02/20/2023 10:57:09,No,No,No,No,Always,4,90,Always,Frequently,Yes,Addicted
02/20/2023 15:42:14,Yes,Yes,No,Yes,Always,3.5,60,Always,Frequently,No,Addicted
02/21/2023 07:48:22,No,Yes,No,No,Never,1.5,10,Occasionally,Rarely,No,Not Addicted
02/21/2023 05:56:29,No,No,No,No,Occasionally,2,20,Occasionally,Occasionally,No,Mildly Addicted
02/21/2023 07:39:06,Yes,No,No,Yes,Frequently,2.5,90,Frequently,Always,No,Addicted
02/21/2023 14:14:39,Yes,Yes,Yes,Yes,Always,6.5,140,Occasionally,Always,No,Severely Addicted
02/21/2023 00:22:30,No,No,No,No,Never,1.5,10,Never,Never,No,Not Addicted
02/20/2023 20:48:14,No,No,No,No,Never,1.5,0,Rarely,Never,No,Not Addicted
02/21/2023 13:16:35,No,Yes,No,Yes,Frequently,2.5,20,Always,Occasionally,No,Mildly Addicted
02/21/2023 19:47:55,Yes,No,No,Yes,Always,4,150,Occasionally,Frequently,No,Moderately Addicted
02/21/2023 18:08:19,Yes,Yes,No,Yes,Always,5.5,140,Occasionally,Always,Yes,Moderately Addicted
02/21/2023 17:58:28,No,Yes,No,No,Frequently,2.5,20,Frequently,Always,No,Addicted
02/21/2023 13:10:17,No,No,No,No,Never,1,0,Rarely,Occasionally,No,Not Addicted
02/21/2023 07:42:15,No,Yes,Yes,Yes,Frequently,6.5,170,Always,Always,Yes,Severely Addicted
02/22/2023 01:44:33,Yes,Yes,Yes,No,Always,4.5,120,Always,Always,Yes,Severely Addicted
02/21/2023 12:58:38,No,Yes,No,Yes,Always,4.5,140,Always,Always,No,Moderately Addicted
02/22/2023 05:05:00,Yes,Yes,Yes,Yes,Frequently,3.5,90,Frequently,Always,No,Addicted
02/21/2023 20:11:22,Yes,Yes,No,Yes,Frequently,4,30,Always,Frequently,No,Addicted
02/21/2023 13:13:18,No,No,No,No,Rarely,0.5,0,Occasionally,Never,No,Not Addicted
02/22/2023 11:28:04,No,Yes,No,No,Frequently,2.5,50,Always,Always,Yes,Mildly Addicted
02/22/2023 01:40:25,No,No,No,No,Never,0.5,0,Never,Rarely,No,Not Addicted
02/21/2023 21:07:07,Yes,Yes,Yes,Yes,Always,3.5,10,Always,Always,No,Addicted
02/22/2023 11:01:28,Yes,No,Yes,Yes,Frequently,5,180,Occasionally,Always,Yes,Moderately Addicted
02/22/2023 08:53:34,No,Yes,No,Yes,Frequently,3,10,Frequently,Frequently,No,Addicted
02/22/2023 12:58:01,No,Yes,No,Yes,Always,2.5,50,Frequently,Frequently,Yes,Addicted
02/22/2023 19:28:46,Yes,No,Yes,No,Frequently,3,30,Always,Frequently,Yes,Addicted
02/22/2023 07:43:26,Yes,Yes,Yes,Yes,Always,9.5,60,Always,Frequently,Yes,Severely Addicted
02/22/2023 22:23:11,No,No,No,No,Always,3,0,Occasionally,Frequently,Yes,Mildly Addicted
02/22/2023 16:06:44,Yes,Yes,No,Yes,Always,2.5,90,Frequently,Frequently,Yes,Addicted
02/22/2023 06:35:58,Yes,No,Yes,Yes,Always,5.5,100,Always,Always,Yes,Moderately Addicted
02/22/2023 10:54:17,Yes,No,No,No,Occasionally,2.5,40,Always,Frequently,No,Mildly Addicted
02/23/2023 00:53:38,No,No,Yes,Yes,Always,3.5,50,Always,Always,No,Mildly Addicted
02/22/2023 18:56:32,No,Yes,Yes,Yes,Frequently,3,10,Always,Frequently,Yes,Addicted
02/22/2023 11:34:09,Yes,Yes,No,Yes,Frequently,5.5,230,Occasionally,Always,Yes,Severely Addicted
02/23/2023 02:05:42,No,No,No,No,Never,0.5,0,Never,Occasionally,No,Not Addicted
02/23/2023 12:20:22,Yes,Yes,No,No,Frequently,2,50,Always,Occasionally,No,Mildly Addicted
02/22/2023 17:43:01,Yes,Yes,Yes,No,Always,3,80,Frequently,Always,No,Addicted
02/23/2023 13:12:18,No,Yes,No,No,Always,5,60,Frequently,Frequently,Yes,Addicted
02/22/2023 19:20:52,Yes,Yes,Yes,No,Always,2.5,10,Always,Always,Yes,Addicted
02/23/2023 02:47:46,No,No,Yes,Yes,Frequently,3.5,30,Frequently,Frequently,Yes,Addicted
02/23/2023 02:58:38,Yes,No,No,No,Always,4,160,Frequently,Always,Yes,Moderately Addicted
02/23/2023 08:06:53,No,No,Yes,Yes,Always,4,60,Always,Frequently,No,Addicted
02/23/2023 04:14:46,No,No,No,No,Frequently,4,60,Frequently,Always,Yes,Addicted
02/23/2023 00:01:03,No,No,No,Yes,Occasionally,2.5,30,Always,Frequently,No,Mildly Addicted
02/23/2023 11:46:48,Yes,Yes,Yes,Yes,Always,6.5,70,Occasionally,Always,Yes,Severely Addicted
02/23/2023 04:55:28,No,Yes,No,No,Occasionally,2,0,Always,Frequently,Yes,Mildly Addicted
02/24/2023 00:03:22,Yes,Yes,No,No,Frequently,3,70,Always,Frequently,Yes,Addicted
02/24/2023 00:03:54,No,No,Yes,No,Frequently,2,10,Occasionally,Occasionally,No,Mildly Addicted
02/23/2023 17:21:02,No,No,No,Yes,Always,4,110,Always,Frequently,Yes,Moderately Addicted
02/24/2023 00:02:27,No,Yes,No,No,Frequently,3.5,90,Always,Frequently,Yes,Addicted
02/23/2023 15:16:27,Yes,Yes,Yes,No,Frequently,2.5,40,Always,Frequently,No,Addicted
02/24/2023 04:55:29,No,Yes,No,No,Occasionally,3,10,Always,Occasionally,No,Mildly Addicted
02/23/2023 18:08:21,Yes,Yes,Yes,Yes,Frequently,6.5,140,Always,Always,Yes,Severely Addicted
02/23/2023 23:54:53,Yes,Yes,No,No,Always,2.5,90,Frequently,Frequently,No,Addicted
02/24/2023 08:44:52,No,No,No,No,Frequently,2.5,50,Always,Always,Yes,Mildly Addicted
02/23/2023 19:00:25,No,Yes,No,Yes,Always,2,80,Always,Always,Yes,Addicted
02/24/2023 05:28:50,Yes,No,Yes,Yes,Always,5.5,220,Frequently,Frequently,Yes,Severely Addicted
02/24/2023 14:44:53,No,Yes,No,Yes,Frequently,4.5,100,Frequently,Always,Yes,Addicted
02/24/2023 20:49:57,No,No,No,No,Occasionally,0.5,0,Never,Rarely,No,Not Addicted
02/24/2023 07:03:03,No,No,Yes,Yes,Frequently,3,40,Frequently,Occasionally,No,Mildly Addicted
02/24/2023 16:32:52,Yes,Yes,Yes,No,Always,4.5,70,Frequently,Always,Yes,Severely Addicted
02/24/2023 17:53:01,No,Yes,No,No,Frequently,3,30,Always,Frequently,Yes,Mildly Addicted
02/24/2023 05:41:19,No,No,Yes,No,Occasionally,3,50,Always,Frequently,No,Mildly Addicted
02/24/2023 12:57:19,Yes,Yes,Yes,Yes,Frequently,4.5,60,Occasionally,Always,Yes,Moderately Addicted
02/25/2023 00:27:53,No,No,Yes,Yes,Always,5.5,100,Occasionally,Always,No,Moderately Addicted
02/24/2023 21:20:40,No,Yes,Yes,No,Frequently,5,100,Always,Always,Yes,Moderately Addicted
02/24/2023 22:46:58,Yes,Yes,No,Yes,Frequently,4,80,Always,Frequently,Yes,Addicted
02/24/2023 20:57:04,No,Yes,No,Yes,Always,2.5,40,Frequently,Frequently,Yes,Addicted
02/25/2023 11:28:00,Yes,No,Yes,Yes,Frequently,4,50,Frequently,Frequently,No,Addicted
02/25/2023 07:26:49,No,Yes,Yes,Yes,Always,2.5,80,Frequently,Frequently,Yes,Addicted
02/24/2023 15:33:39,Yes,No,Yes,Yes,Frequently,4,10,Always,Frequently,Yes,Mildly Addicted
02/24/2023 21:33:21,No,No,No,No,Occasionally,1,10,Never,Rarely,No,Not Addicted
02/25/2023 08:27:18,Yes,Yes,Yes,No,Always,3,60,Frequently,Frequently,No,Moderately Addicted
02/25/2023 16:07:28,No,Yes,No,Yes,Occasionally,3,10,Frequently,Frequently,No,Mildly Addicted
02/25/2023 12:44:09,No,No,No,Yes,Occasionally,3,30,Frequently,Frequently,No,Mildly Addicted
02/25/2023 12:12:07,No,Yes,Yes,Yes,Always,4,80,Always,Frequently,Yes,Moderately Addicted
02/25/2023 03:39:51,Yes,No,No,No,Frequently,4.5,80,Always,Frequently,No,Addicted
02/25/2023 07:46:22,Yes,No,Yes,No,Always,3,150,Always,Always,No,Moderately Addicted
02/25/2023 16:46:24,No,No,Yes,No,Frequently,5,20,Always,Always,Yes,Addicted
02/25/2023 07:26:20,No,No,No,No,Rarely,1,10,Never,Never,No,Not Addicted
02/26/2023 00:07:59,No,Yes,Yes,Yes,Always,3,80,Always,Always,No,Moderately Addicted
02/25/2023 14:19:54,No,Yes,Yes,Yes,Frequently,9,80,Always,Frequently,Yes,Severely Addicted
02/26/2023 00:57:58,Yes,No,No,No,Frequently,4,70,Frequently,Always,No,Addicted
02/25/2023 20:46:35,Yes,Yes,Yes,No,Occasionally,3,20,Always,Frequently,No,Mildly Addicted
02/26/2023 05:28:29,No,Yes,No,No,Never,1.5,20,Never,Occasionally,No,Not Addicted
02/26/2023 06:24:21,No,Yes,Yes,No,Always,3.5,100,Frequently,Frequently,No,Addicted
02/26/2023 11:44:18,Yes,Yes,Yes,Yes,Always,4.5,40,Always,Always,No,Addicted
02/25/2023 19:17:14,No,No,No,Yes,Frequently,2,90,Always,Frequently,Yes,Addicted
02/26/2023 13:04:20,No,No,No,No,Occasionally,3.5,0,Always,Frequently,Yes,Mildly Addicted
02/25/2023 22:34:23,No,Yes,No,No,Occasionally,3,50,Always,Frequently,Yes,Mildly Addicted
02/26/2023 02:55:47,No,No,No,No,Frequently,3,10,Always,Frequently,No,Addicted
02/26/2023 03:33:18,Yes,Yes,Yes,Yes,Always,5,120,Always,Frequently,Yes,Moderately Addicted
02/26/2023 07:49:44,No,No,No,No,Rarely,1.5,10,Never,Rarely,No,Not Addicted
02/26/2023 05:24:51,No,Yes,Yes,No,Occasionally,2,20,Always,Frequently,No,Mildly Addicted
02/26/2023 13:59:22,Yes,Yes,No,Yes,Always,4.5,80,Always,Always,No,Moderately Addicted
02/26/2023 05:01:20,No,Yes,Yes,No,Frequently,10,150,Always,Always,Yes,Severely Addicted
02/26/2023 12:29:38,Yes,No,No,Yes,Always,4,110,Frequently,Frequently,Yes,Moderately Addicted
02/27/2023 04:22:01,Yes,No,No,No,Always,2.5,40,Frequently,Frequently,Yes,Addicted
02/26/2023 09:58:59,No,Yes,No,No,Frequently,3,40,Frequently,Frequently,No,Addicted
02/26/2023 07:53:55,No,No,Yes,Yes,Always,4,110,Frequently,Always,Yes,Severely Addicted
02/26/2023 23:37:19,No,Yes,Yes,Yes,Always,4,70,Always,Always,No,Moderately Addicted
02/26/2023 18:33:52,No,No,No,No,Frequently,2.5,30,Always,Frequently,No,Addicted
02/27/2023 06:46:44,No,No,Yes,Yes,Always,5.5,110,Always,Always,Yes,Moderately Addicted
02/27/2023 12:37:04,Yes,No,Yes,Yes,Frequently,4,130,Occasionally,Frequently,No,Moderately Addicted
02/27/2023 11:55:45,Yes,Yes,No,Yes,Always,5,200,Frequently,Always,Yes,Severely Addicted
02/27/2023 09:29:11,No,No,Yes,Yes,Frequently,3,70,Frequently,Frequently,No,Addicted
02/27/2023 01:40:19,No,No,Yes,Yes,Occasionally,3,30,Frequently,Always,Yes,Mildly Addicted
02/26/2023 21:51:34,No,No,No,No,Always,3,50,Frequently,Frequently,No,Mildly Addicted
02/27/2023 12:11:52,No,Yes,No,No,Frequently,3.5,30,Always,Frequently,No,Mildly Addicted
02/27/2023 10:57:48,Yes,No,Yes,No,Always,6,140,Always,Frequently,Yes,Moderately Addicted
02/27/2023 11:58:59,Yes,No,No,Yes,Occasionally,4,20,Always,Frequently,Yes,Mildly Addicted
02/27/2023 13:23:51,No,Yes,No,No,Occasionally,3,30,Always,Always,No,Mildly Addicted
02/27/2023 21:57:15,Yes,Yes,No,No,Frequently,3.5,10,Always,Always,Yes,Addicted
02/27/2023 09:45:41,No,No,No,No,Frequently,2,30,Always,Occasionally,Yes,Mildly Addicted
02/27/2023 10:04:09,No,Yes,Yes,No,Frequently,3,0,Always,Frequently,Yes,Mildly Addicted
02/27/2023 13:29:45,No,Yes,No,No,Occasionally,4,40,Frequently,Frequently,No,Mildly Addicted
02/28/2023 07:04:28,No,No,No,No,Never,2,0,Rarely,Never,No,Not Addicted
02/27/2023 11:49:42,No,No,No,No,Frequently,3,30,Always,Frequently,Yes,Mildly Addicted
02/27/2023 12:39:12,No,No,Yes,No,Always,4.5,20,Always,Always,No,Addicted
02/28/2023 10:48:34,Yes,Yes,No,No,Frequently,5,130,Always,Frequently,Yes,Moderately Addicted
02/27/2023 16:28:14,No,No,No,No,Frequently,2.5,30,Frequently,Always,Yes,Addicted
02/28/2023 05:58:05,Yes,No,Yes,No,Occasionally,2,20,Occasionally,Always,No,Mildly Addicted
02/28/2023 07:32:12,No,No,No,No,Rarely,1.5,20,Never,Occasionally,No,Not Addicted
02/28/2023 14:16:49,No,No,No,Yes,Frequently,2.5,20,Frequently,Frequently,Yes,Addicted
02/28/2023 14:13:13,No,No,No,No,Always,3,20,Always,Occasionally,No,Mildly Addicted
02/28/2023 15:34:15,No,No,No,No,Never,1.5,10,Rarely,Never,No,Not Addicted
02/28/2023 12:22:19,Yes,Yes,Yes,Yes,Always,5.5,90,Always,Always,Yes,Severely Addicted
02/28/2023 13:15:55,Yes,Yes,No,Yes,Frequently,3,20,Frequently,Always,Yes,Addicted
02/28/2023 16:22:43,Yes,Yes,Yes,Yes,Frequently,6,70,Always,Always,Yes,Severely Addicted
02/28/2023 18:44:27,No,No,Yes,Yes,Always,2,20,Always,Occasionally,Yes,Mildly Addicted
02/28/2023 13:53:18,No,Yes,Yes,No,Occasionally,3,50,Always,Occasionally,No,Mildly Addicted
03-01-23 5:10,No,No,Yes,No,Frequently,3.5,80,Frequently,Frequently,Yes,Addicted
02/28/2023 08:53:15,No,Yes,Yes,Yes,Frequently,4,10,Frequently,Frequently,Yes,Addicted
03-01-23 4:28,Yes,Yes,Yes,No,Frequently,4.5,80,Frequently,Frequently,No,Moderately Addicted
02/28/2023 12:18:10,No,No,No,No,Frequently,2,10,Always,Frequently,No,Mildly Addicted
02/28/2023 19:12:04,Yes,Yes,Yes,Yes,Frequently,5,60,Always,Frequently,Yes,Severely Addicted
02/28/2023 18:04:09,No,No,No,Yes,Always,2,50,Frequently,Frequently,Yes,Mildly Addicted
02/28/2023 23:47:07,No,No,Yes,No,Frequently,3.5,50,Occasionally,Occasionally,Yes,Mildly Addicted
02/28/2023 22:06:56,No,No,Yes,No,Always,3,60,Always,Frequently,No,Addicted
03-01-23 4:25,No,No,No,Yes,Always,4,150,Always,Always,No,Severely Addicted
02/28/2023 23:18:55,No,No,Yes,Yes,Frequently,3.5,100,Frequently,Frequently,No,Addicted
03-01-23 10:08,No,Yes,No,No,Frequently,3.5,70,Always,Frequently,Yes,Addicted
03-01-23 11:26,No,No,No,No,Occasionally,1.5,10,Rarely,Never,No,Not Addicted
02/28/2023 23:23:19,Yes,Yes,No,No,Frequently,3.5,90,Always,Frequently,No,Addicted
03-01-23 15:23,No,Yes,Yes,Yes,Always,4.5,90,Always,Always,Yes,Severely Addicted
03-01-23 2:22,No,No,No,Yes,Frequently,5,150,Always,Always,No,Moderately Addicted
03-01-23 8:03,No,No,No,No,Occasionally,3.5,50,Occasionally,Frequently,No,Mildly Addicted
03-01-23 17:49,No,Yes,No,No,Frequently,3,30,Always,Occasionally,Yes,Mildly Addicted
03-01-23 18:25,No,Yes,Yes,No,Frequently,5.5,80,Frequently,Always,No,Moderately Addicted
03-02-23 4:12,Yes,Yes,Yes,Yes,Always,2.5,80,Always,Frequently,Yes,Addicted
03-02-23 5:25,No,Yes,No,No,Frequently,3.5,70,Frequently,Frequently,Yes,Addicted
03-02-23 3:41,Yes,Yes,No,No,Always,3.5,130,Always,Always,Yes,Moderately Addicted
03-02-23 8:42,No,No,No,No,Occasionally,3,0,Frequently,Occasionally,Yes,Mildly Addicted
03-02-23 0:27,Yes,Yes,Yes,Yes,Always,4,190,Always,Frequently,Yes,Severely Addicted
03-02-23 13:22,Yes,No,Yes,Yes,Frequently,5,60,Always,Always,Yes,Moderately Addicted
03-01-23 20:38,Yes,No,Yes,No,Frequently,3.5,90,Always,Always,No,Addicted
03-02-23 16:27,Yes,No,Yes,Yes,Occasionally,3,0,Always,Frequently,No,Mildly Addicted
03-02-23 12:46,No,No,No,Yes,Always,2.5,10,Always,Occasionally,No,Mildly Addicted
03-02-23 18:38,Yes,Yes,No,No,Frequently,4.5,200,Occasionally,Always,Yes,Severely Addicted
03-02-23 8:06,Yes,Yes,Yes,Yes,Frequently,6,30,Always,Always,Yes,Moderately Addicted
03-02-23 6:39,No,Yes,Yes,Yes,Always,4.5,40,Always,Always,Yes,Moderately Addicted
03-02-23 2:23,Yes,Yes,No,Yes,Always,8.5,80,Occasionally,Always,No,Severely Addicted
03-02-23 14:57,Yes,Yes,No,Yes,Frequently,3.5,80,Always,Always,Yes,Addicted
03-02-23 19:32,Yes,Yes,Yes,Yes,Always,3.5,60,Occasionally,Frequently,Yes,Moderately Addicted
03-02-23 11:30,No,Yes,No,No,Frequently,3,10,Frequently,Frequently,No,Addicted
03-03-23 3:03,No,Yes,No,Yes,Frequently,3,10,Always,Frequently,No,Addicted
03-02-23 21:17,No,No,No,No,Frequently,2.5,10,Always,Occasionally,No,Mildly Addicted
03-03-23 0:21,No,Yes,No,Yes,Always,4.5,170,Frequently,Frequently,Yes,Moderately Addicted
03-02-23 21:08,Yes,No,No,No,Always,2.5,10,Always,Always,No,Addicted
03-02-23 18:33,No,No,No,No,Never,1,20,Never,Never,No,Not Addicted
03-02-23 22:04,No,Yes,Yes,No,Always,3.5,100,Always,Frequently,Yes,Moderately Addicted
03-03-23 4:48,Yes,No,Yes,Yes,Always,3.5,40,Always,Always,Yes,Addicted
03-03-23 9:45,No,Yes,Yes,No,Always,2.5,0,Frequently,Frequently,No,Mildly Addicted
03-03-23 14:39,Yes,Yes,No,Yes,Always,2.5,20,Always,Frequently,Yes,Addicted
03-03-23 13:40,No,Yes,Yes,No,Frequently,4,60,Frequently,Always,No,Addicted
03-03-23 15:38,No,No,No,No,Frequently,2,20,Occasionally,Occasionally,Yes,Mildly Addicted
03-03-23 6:49,No,Yes,No,Yes,Always,4.5,40,Always,Frequently,Yes,Addicted
03-03-23 3:49,No,Yes,No,No,Always,2.5,50,Occasionally,Occasionally,No,Mildly Addicted
03-03-23 10:16,No,Yes,No,Yes,Frequently,3.5,60,Always,Frequently,No,Addicted
03-03-23 13:54,No,No,No,No,Occasionally,1,10,Rarely,Rarely,No,Not Addicted
03-03-23 16:39,No,No,Yes,Yes,Frequently,2.5,10,Always,Frequently,Yes,Addicted
03-03-23 12:03,Yes,No,Yes,Yes,Frequently,7.5,70,Always,Always,Yes,Severely Addicted
03-03-23 18:12,No,No,No,Yes,Always,2,30,Occasionally,Frequently,No,Mildly Addicted
03-03-23 15:55,Yes,No,No,Yes,Frequently,4.5,40,Frequently,Always,Yes,Addicted
03-03-23 12:32,No,Yes,No,No,Frequently,2,30,Always,Frequently,No,Mildly Addicted
03-03-23 18:20,No,No,No,Yes,Occasionally,2.5,10,Occasionally,Frequently,No,Mildly Addicted
03-04-23 7:47,Yes,Yes,No,No,Frequently,4,110,Always,Always,Yes,Moderately Addicted
03-04-23 4:06,No,No,No,No,Occasionally,2.5,40,Always,Frequently,No,Mildly Addicted
03-04-23 14:39,No,Yes,No,No,Always,5,30,Always,Frequently,No,Addicted
03-04-23 12:35,No,No,No,Yes,Always,4,10,Frequently,Frequently,Yes,Addicted
03-04-23 16:02,No,No,No,Yes,Frequently,3,20,Frequently,Frequently,No,Addicted
03-04-23 16:19,Yes,Yes,No,Yes,Always,5,170,Frequently,Frequently,Yes,Moderately Addicted
03-03-23 21:09,No,Yes,Yes,Yes,Frequently,3,100,Always,Always,No,Addicted
03-04-23 19:37,No,No,No,Yes,Always,4.5,100,Always,Always,Yes,Moderately Addicted
03-04-23 22:29,Yes,Yes,Yes,Yes,Frequently,5,110,Frequently,Frequently,Yes,Moderately Addicted
03-05-23 0:50,No,Yes,No,Yes,Frequently,3.5,10,Always,Frequently,No,Addicted
03-04-23 20:43,No,No,Yes,No,Occasionally,3,10,Frequently,Frequently,No,Mildly Addicted
03-04-23 7:22,No,Yes,Yes,Yes,Frequently,3.5,60,Frequently,Always,Yes,Addicted
03-04-23 19:34,No,Yes,Yes,Yes,Frequently,2.5,80,Always,Always,Yes,Addicted
03-04-23 20:19,No,No,No,No,Occasionally,3.5,30,Frequently,Frequently,No,Mildly Addicted
03-04-23 18:07,Yes,Yes,Yes,Yes,Frequently,4.5,80,Frequently,Always,No,Moderately Addicted
03-05-23 4:15,No,Yes,Yes,No,Always,3.5,100,Always,Frequently,No,Addicted
03-04-23 12:31,Yes,Yes,Yes,Yes,Always,5,140,Always,Always,No,Severely Addicted
03-05-23 12:20,No,No,No,Yes,Frequently,3,50,Frequently,Always,No,Mildly Addicted
03-04-23 21:29,No,No,Yes,No,Occasionally,3,30,Always,Occasionally,No,Mildly Addicted
03-04-23 18:44,Yes,Yes,No,Yes,Always,2.5,60,Always,Frequently,Yes,Addicted
03-04-23 23:19,Yes,Yes,No,No,Always,5.5,70,Occasionally,Frequently,Yes,Moderately Addicted
03-05-23 10:28,No,Yes,Yes,No,Always,5,70,Frequently,Always,No,Addicted
03-05-23 10:33,No,No,No,Yes,Frequently,3,10,Frequently,Occasionally,No,Mildly Addicted
03-05-23 11:07,Yes,Yes,No,Yes,Always,4,150,Always,Frequently,Yes,Moderately Addicted
03-05-23 2:06,Yes,No,Yes,Yes,Frequently,4,110,Frequently,Always,Yes,Moderately Addicted
03-05-23 1:23,No,Yes,No,Yes,Always,3.5,80,Always,Frequently,Yes,Addicted
03-05-23 14:33,Yes,Yes,No,No,Occasionally,2.5,10,Frequently,Frequently,Yes,Mildly Addicted
03-06-23 2:01,Yes,No,Yes,No,Frequently,2.5,70,Always,Frequently,No,Addicted
03-06-23 3:36,No,Yes,Yes,Yes,Always,4.5,60,Occasionally,Always,No,Moderately Addicted
03-06-23 1:38,No,Yes,No,No,Rarely,1.5,0,Rarely,Rarely,No,Not Addicted
03-05-23 13:38,Yes,No,Yes,Yes,Always,5,250,Always,Always,Yes,Severely Addicted
03-05-23 16:19,Yes,Yes,No,Yes,Frequently,4.5,20,Frequently,Frequently,Yes,Addicted
03-06-23 2:39,Yes,No,No,Yes,Frequently,4,100,Always,Frequently,No,Addicted
03-06-23 10:55,Yes,No,Yes,No,Frequently,3,100,Frequently,Frequently,Yes,Addicted
03-05-23 22:56,Yes,Yes,No,No,Occasionally,4,0,Always,Occasionally,No,Mildly Addicted
03-06-23 4:54,No,Yes,No,Yes,Always,2.5,40,Always,Always,Yes,Moderately Addicted
03-06-23 5:51,No,Yes,No,Yes,Frequently,3,60,Always,Frequently,No,Addicted
03-05-23 17:50,Yes,No,Yes,Yes,Frequently,4.5,50,Always,Always,Yes,Moderately Addicted
03-06-23 0:56,No,No,No,No,Frequently,3,20,Frequently,Always,Yes,Mildly Addicted
03-06-23 2:20,Yes,No,Yes,Yes,Always,5,240,Always,Always,Yes,Severely Addicted
03-06-23 9:37,Yes,No,Yes,No,Frequently,3,50,Always,Always,Yes,Addicted
03-06-23 9:04,Yes,No,No,Yes,Always,5,180,Always,Always,No,Moderately Addicted
03-06-23 11:38,Yes,Yes,No,Yes,Always,2.5,70,Frequently,Frequently,Yes,Addicted
03-07-23 0:10,Yes,Yes,Yes,No,Always,6,30,Always,Always,Yes,Moderately Addicted
03-06-23 15:20,No,Yes,No,No,Rarely,1,0,Never,Never,No,Not Addicted
03-07-23 0:40,No,No,No,No,Occasionally,1,10,Never,Rarely,No,Not Addicted
03-06-23 19:07,No,Yes,Yes,Yes,Occasionally,2,30,Frequently,Frequently,No,Mildly Addicted
03-06-23 21:42,Yes,No,Yes,Yes,Always,6,180,Always,Frequently,Yes,Moderately Addicted
03-06-23 17:27,Yes,Yes,Yes,Yes,Frequently,4.5,130,Frequently,Frequently,No,Moderately Addicted
03-07-23 8:55,Yes,Yes,Yes,Yes,Frequently,2.5,160,Occasionally,Always,Yes,Moderately Addicted
03-06-23 17:48,Yes,No,Yes,No,Frequently,5,60,Frequently,Frequently,Yes,Moderately Addicted
03-06-23 15:00,No,Yes,Yes,No,Always,5,100,Always,Frequently,Yes,Moderately Addicted
03-06-23 18:57,Yes,Yes,Yes,No,Always,3,30,Frequently,Always,Yes,Addicted
03-07-23 9:03,Yes,Yes,Yes,No,Frequently,5,50,Frequently,Always,Yes,Moderately Addicted
03-07-23 17:07,No,Yes,No,No,Always,3.5,70,Frequently,Frequently,Yes,Moderately Addicted
03-07-23 7:37,No,No,No,Yes,Frequently,3,80,Always,Always,Yes,Addicted
03-07-23 13:47,No,No,No,Yes,Frequently,3.5,10,Always,Frequently,No,Mildly Addicted
03-07-23 2:21,Yes,Yes,No,Yes,Frequently,3.5,20,Always,Frequently,No,Addicted
03-07-23 13:51,Yes,Yes,No,Yes,Always,4.5,80,Frequently,Always,Yes,Moderately Addicted
03-07-23 21:30,Yes,No,No,Yes,Always,4,140,Always,Always,No,Moderately Addicted
03-07-23 22:42,No,Yes,Yes,Yes,Always,4.5,60,Frequently,Frequently,No,Addicted
03-07-23 10:04,Yes,Yes,Yes,No,Always,6,110,Occasionally,Always,Yes,Moderately Addicted
03-07-23 7:05,Yes,Yes,Yes,No,Frequently,7,70,Frequently,Always,Yes,Severely Addicted
03-08-23 2:37,No,No,No,No,Rarely,1.5,10,Never,Occasionally,No,Not Addicted
03-07-23 14:09,No,No,No,No,Occasionally,1.5,0,Never,Rarely,No,Not Addicted
03-07-23 19:09,Yes,Yes,Yes,No,Always,8.5,80,Always,Frequently,Yes,Severely Addicted
03-07-23 17:12,No,Yes,Yes,No,Occasionally,3.5,40,Occasionally,Frequently,No,Mildly Addicted
03-08-23 2:02,No,No,No,No,Frequently,4,50,Always,Always,No,Mildly Addicted
03-08-23 6:22,No,No,No,No,Never,1,0,Never,Rarely,No,Not Addicted
03-07-23 14:51,No,No,No,No,Always,5,80,Always,Frequently,Yes,Addicted
03-08-23 0:29,No,Yes,No,Yes,Always,2,50,Occasionally,Occasionally,No,Mildly Addicted
03-08-23 17:06,No,No,Yes,Yes,Always,3,110,Always,Frequently,No,Moderately Addicted
03-07-23 19:04,Yes,No,No,No,Frequently,2.5,30,Occasionally,Frequently,No,Mildly Addicted
03-08-23 9:24,No,No,No,No,Always,4.5,130,Always,Always,Yes,Moderately Addicted
03-08-23 9:34,No,No,Yes,No,Always,5.5,90,Occasionally,Always,No,Moderately Addicted
03-08-23 17:56,No,Yes,No,No,Frequently,4.5,20,Frequently,Always,No,Addicted
03-09-23 0:13,No,Yes,No,No,Frequently,4.5,20,Frequently,Always,Yes,Addicted
03-08-23 17:57,No,No,No,No,Never,1,20,Rarely,Occasionally,No,Not Addicted
03-08-23 21:48,No,Yes,No,No,Always,3.5,80,Always,Frequently,Yes,Addicted
03-08-23 5:09,Yes,Yes,Yes,No,Always,3,40,Always,Always,Yes,Addicted
03-09-23 5:07,Yes,No,Yes,No,Always,5,100,Always,Always,Yes,Moderately Addicted
03-08-23 18:25,No,Yes,Yes,Yes,Always,2.5,80,Frequently,Frequently,No,Addicted
03-09-23 4:34,No,Yes,Yes,No,Frequently,2.5,10,Always,Frequently,No,Mildly Addicted
03-08-23 12:31,Yes,No,Yes,No,Always,3,60,Always,Always,No,Addicted
03-09-23 6:34,Yes,Yes,Yes,Yes,Always,2.5,90,Frequently,Always,No,Addicted
03-09-23 10:32,No,No,Yes,No,Frequently,4.5,40,Frequently,Frequently,No,Addicted
03-09-23 1:41,No,Yes,No,No,Frequently,3.5,30,Always,Always,Yes,Addicted
03-09-23 7:29,Yes,No,No,No,Occasionally,4,0,Frequently,Frequently,Yes,Mildly Addicted
03-09-23 12:50,Yes,Yes,No,No,Always,3.5,50,Frequently,Frequently,No,Addicted
03-09-23 18:41,Yes,Yes,Yes,Yes,Always,4,130,Always,Always,No,Moderately Addicted
03-09-23 17:51,Yes,No,No,No,Frequently,5,20,Frequently,Frequently,Yes,Addicted
03-09-23 2:05,Yes,No,No,Yes,Frequently,2.5,70,Always,Always,Yes,Addicted
03-09-23 14:00,Yes,Yes,No,Yes,Frequently,3,170,Frequently,Frequently,Yes,Moderately Addicted
03-09-23 18:31,No,No,No,Yes,Always,4,20,Always,Frequently,No,Mildly Addicted
03-09-23 5:07,Yes,No,Yes,No,Frequently,3.5,20,Occasionally,Frequently,No,Mildly Addicted
03-09-23 7:06,No,Yes,No,No,Frequently,2.5,40,Always,Always,No,Mildly Addicted
03-09-23 21:10,No,Yes,No,Yes,Frequently,3.5,60,Always,Frequently,No,Addicted
03-09-23 18:54,No,No,No,No,Never,1,0,Never,Never,No,Not Addicted
03-09-23 17:27,No,No,Yes,Yes,Frequently,3.5,10,Occasionally,Always,No,Mildly Addicted
03-09-23 19:08,No,No,No,No,Occasionally,3.5,20,Frequently,Occasionally,No,Mildly Addicted
03-10-23 7:02,Yes,Yes,Yes,Yes,Frequently,5,130,Always,Always,Yes,Moderately Addicted
03-10-23 8:36,No,No,No,Yes,Frequently,2.5,60,Frequently,Always,No,Addicted
03-09-23 18:12,No,Yes,No,No,Occasionally,3.5,50,Frequently,Frequently,No,Mildly Addicted
03-10-23 8:46,No,No,No,No,Always,5,40,Always,Frequently,Yes,Addicted
03-10-23 6:52,No,Yes,No,Yes,Frequently,3,50,Always,Occasionally,No,Mildly Addicted
03-10-23 7:30,Yes,No,Yes,Yes,Frequently,2,0,Frequently,Frequently,No,Mildly Addicted
03-10-23 8:35,No,Yes,No,No,Always,3.5,80,Always,Always,No,Addicted
03-09-23 23:45,No,No,No,No,Always,5.5,110,Occasionally,Always,Yes,Moderately Addicted
03-10-23 5:27,No,Yes,Yes,No,Frequently,3,20,Always,Always,No,Addicted
03-10-23 21:29,No,No,No,No,Occasionally,4,0,Frequently,Occasionally,No,Mildly Addicted
03-10-23 22:32,No,No,Yes,No,Frequently,3.5,50,Always,Frequently,No,Mildly Addicted
03-10-23 17:38,No,Yes,Yes,No,Frequently,4,90,Always,Frequently,Yes,Addicted
03-10-23 23:54,Yes,No,Yes,Yes,Frequently,3.5,70,Always,Frequently,No,Addicted
03-10-23 7:45,Yes,Yes,Yes,Yes,Always,6.5,180,Always,Always,Yes,Severely Addicted
03-10-23 13:43,Yes,No,Yes,No,Frequently,5.5,80,Always,Frequently,No,Moderately Addicted
03-10-23 9:00,Yes,No,Yes,No,Frequently,3,20,Frequently,Frequently,Yes,Addicted
03-11-23 5:12,No,Yes,No,Yes,Frequently,3,70,Always,Always,Yes,Addicted
03-10-23 15:55,Yes,Yes,Yes,No,Always,2.5,40,Always,Frequently,Yes,Addicted
03-10-23 20:21,Yes,Yes,No,No,Always,2.5,100,Frequently,Always,No,Addicted
03-10-23 16:40,No,Yes,Yes,No,Always,5.5,30,Always,Frequently,Yes,Moderately Addicted
03-11-23 3:50,Yes,Yes,No,Yes,Frequently,3.5,80,Always,Frequently,No,Addicted
03-11-23 6:00,No,Yes,No,Yes,Frequently,5.5,240,Always,Frequently,Yes,Severely Addicted
03-11-23 17:28,No,Yes,No,Yes,Always,2.5,90,Always,Frequently,Yes,Addicted
03-11-23 18:29,Yes,Yes,No,Yes,Always,3,30,Occasionally,Always,Yes,Moderately Addicted
03-11-23 4:57,No,Yes,Yes,Yes,Frequently,2.5,90,Frequently,Frequently,Yes,Addicted
03-11-23 20:21,No,No,Yes,No,Occasionally,3,40,Occasionally,Frequently,Yes,Mildly Addicted
03-11-23 16:43,Yes,Yes,No,Yes,Frequently,2,70,Frequently,Frequently,No,Addicted
03-11-23 8:53,No,No,No,No,Frequently,3.5,0,Occasionally,Frequently,Yes,Mildly Addicted
03-11-23 16:19,No,No,No,No,Frequently,2,40,Frequently,Frequently,Yes,Mildly Addicted
03-11-23 18:19,Yes,Yes,No,Yes,Always,3,60,Always,Always,Yes,Moderately Addicted
03-11-23 19:37,No,No,Yes,No,Frequently,3,100,Frequently,Frequently,No,Addicted
03-11-23 10:20,No,Yes,Yes,Yes,Always,7.5,90,Frequently,Always,Yes,Severely Addicted
03-12-23 8:15,Yes,Yes,No,No,Frequently,3.5,70,Frequently,Always,No,Addicted
03-11-23 14:07,No,Yes,Yes,No,Frequently,3,10,Always,Frequently,Yes,Addicted
03-11-23 23:20,Yes,Yes,No,Yes,Frequently,2.5,80,Always,Always,No,Moderately Addicted
03-12-23 1:36,No,No,No,Yes,Frequently,3.5,60,Always,Frequently,Yes,Addicted
03-11-23 18:14,Yes,No,No,Yes,Frequently,2.5,40,Frequently,Frequently,Yes,Addicted
03-12-23 13:49,No,No,Yes,Yes,Always,4,130,Always,Always,Yes,Moderately Addicted
03-12-23 0:38,Yes,Yes,Yes,No,Frequently,5,150,Always,Always,Yes,Moderately Addicted
03-12-23 15:14,No,No,No,Yes,Occasionally,2.5,50,Always,Frequently,Yes,Mildly Addicted
03-11-23 22:53,No,No,Yes,Yes,Always,5.5,180,Occasionally,Always,No,Moderately Addicted
03-12-23 10:53,No,No,No,No,Frequently,2.5,0,Always,Occasionally,No,Mildly Addicted
03-12-23 20:14,Yes,Yes,Yes,Yes,Frequently,5.5,200,Always,Frequently,No,Severely Addicted
03-12-23 15:05,No,No,Yes,No,Occasionally,3,50,Always,Frequently,Yes,Mildly Addicted
03-12-23 2:53,No,Yes,Yes,Yes,Always,3.5,50,Frequently,Frequently,Yes,Moderately Addicted
03-12-23 10:22,Yes,No,Yes,No,Occasionally,3,30,Always,Occasionally,No,Mildly Addicted
03/13/2023 00:39:45,Yes,Yes,Yes,Yes,Always,9.5,170,Always,Always,Yes,Severely Addicted
03-12-23 9:20,No,Yes,Yes,Yes,Frequently,3.5,0,Occasionally,Frequently,No,Mildly Addicted
03-12-23 13:07,No,No,Yes,No,Occasionally,2,30,Always,Occasionally,Yes,Mildly Addicted
03-12-23 14:20,No,No,No,No,Occasionally,0.5,10,Rarely,Rarely,No,Not Addicted
03-12-23 15:02,No,No,No,No,Always,3.5,100,Always,Frequently,No,Addicted
03/13/2023 06:05:46,No,No,Yes,No,Frequently,2.5,100,Always,Frequently,No,Addicted
03/13/2023 10:40:21,Yes,Yes,Yes,Yes,Frequently,2.5,90,Always,Always,Yes,Moderately Addicted
03-12-23 17:04,Yes,Yes,No,Yes,Always,3.5,20,Always,Frequently,Yes,Addicted
03-12-23 21:42,Yes,Yes,Yes,No,Frequently,6,120,Occasionally,Frequently,Yes,Severely Addicted
03-12-23 23:57,No,No,No,Yes,Occasionally,4,0,Frequently,Frequently,Yes,Mildly Addicted
03-12-23 21:29,No,No,No,No,Frequently,2.5,0,Occasionally,Occasionally,No,Mildly Addicted
03/13/2023 16:54:06,Yes,No,Yes,Yes,Always,6,60,Always,Always,Yes,Moderately Addicted
03/13/2023 16:38:24,No,No,No,No,Rarely,0.5,10,Never,Occasionally,No,Not Addicted
03/13/2023 11:04:32,Yes,Yes,Yes,Yes,Frequently,3.5,70,Always,Frequently,Yes,Addicted
03/13/2023 07:13:52,No,No,No,No,Frequently,3.5,0,Frequently,Occasionally,Yes,Mildly Addicted
03/13/2023 02:35:11,Yes,Yes,No,Yes,Always,3.5,80,Always,Always,No,Addicted
03/14/2023 00:39:52,Yes,Yes,Yes,Yes,Frequently,3.5,100,Frequently,Always,Yes,Addicted
03/13/2023 17:16:32,Yes,No,Yes,Yes,Frequently,3.5,70,Always,Always,No,Addicted
03/13/2023 17:23:00,No,No,No,No,Always,3,30,Always,Frequently,No,Mildly Addicted
03/13/2023 17:11:14,Yes,Yes,Yes,No,Always,2,90,Frequently,Always,No,Addicted
03/14/2023 09:07:26,Yes,Yes,No,Yes,Always,4,90,Always,Always,No,Moderately Addicted
03/13/2023 16:57:36,No,No,Yes,No,Always,3,10,Always,Frequently,No,Addicted
03/13/2023 13:26:29,No,No,No,Yes,Frequently,2,50,Frequently,Frequently,Yes,Mildly Addicted
03/14/2023 09:34:23,No,Yes,No,Yes,Frequently,3.5,140,Always,Frequently,Yes,Moderately Addicted
03/13/2023 18:48:49,No,Yes,No,No,Occasionally,3,10,Occasionally,Frequently,Yes,Mildly Addicted
03/14/2023 11:35:20,Yes,Yes,Yes,Yes,Frequently,3.5,100,Always,Always,No,Addicted
03/14/2023 14:13:37,Yes,Yes,Yes,No,Always,3.5,10,Always,Always,Yes,Addicted
03/14/2023 09:20:34,No,No,No,Yes,Always,3,70,Always,Always,No,Addicted
03/14/2023 17:34:44,Yes,Yes,Yes,No,Always,5.5,80,Always,Always,Yes,Moderately Addicted
03/14/2023 15:23:37,Yes,Yes,Yes,Yes,Always,6.5,90,Always,Always,Yes,Severely Addicted
03/14/2023 12:39:03,Yes,No,Yes,Yes,Always,9.5,120,Occasionally,Always,Yes,Severely Addicted
03/14/2023 09:03:47,Yes,Yes,Yes,No,Frequently,4.5,70,Frequently,Always,No,Addicted
03/14/2023 18:21:13,No,No,Yes,Yes,Always,3,80,Frequently,Frequently,No,Addicted
03/14/2023 17:48:21,No,Yes,No,No,Never,2,20,Rarely,Occasionally,No,Not Addicted
03/14/2023 23:56:02,Yes,Yes,Yes,Yes,Frequently,3,10,Always,Occasionally,No,Mildly Addicted
03/14/2023 14:50:43,Yes,Yes,No,Yes,Frequently,2.5,40,Occasionally,Occasionally,Yes,Mildly Addicted
03/14/2023 20:36:44,No,Yes,Yes,Yes,Frequently,2.5,50,Always,Always,No,Addicted
03/14/2023 16:00:51,No,No,Yes,Yes,Frequently,2.5,100,Always,Frequently,No,Addicted
03/14/2023 19:30:42,Yes,Yes,Yes,Yes,Always,4.5,190,Always,Always,Yes,Severely Addicted
03/15/2023 04:10:18,Yes,Yes,No,Yes,Always,4.5,100,Always,Always,No,Moderately Addicted
03/15/2023 08:21:20,Yes,Yes,Yes,Yes,Always,3.5,40,Always,Always,Yes,Moderately Addicted
03/14/2023 21:57:16,No,No,Yes,Yes,Occasionally,4,20,Frequently,Always,No,Mildly Addicted
03/14/2023 19:09:47,No,Yes,No,Yes,Always,3,150,Always,Always,Yes,Moderately Addicted
03/14/2023 19:05:11,Yes,No,No,No,Frequently,3,80,Frequently,Always,No,Addicted
03/15/2023 16:29:51,No,Yes,Yes,No,Always,3,70,Always,Always,Yes,Addicted
03/15/2023 07:01:36,Yes,Yes,Yes,Yes,Always,6,160,Always,Always,Yes,Moderately Addicted
03/15/2023 22:21:16,No,Yes,Yes,No,Always,4.5,50,Frequently,Frequently,Yes,Moderately Addicted
03/15/2023 15:20:46,No,No,No,No,Occasionally,3.5,50,Frequently,Frequently,Yes,Mildly Addicted
